{
  "model_id": "d0a5a380-d470-4ff2-89e2-94f5780db007",
  "model_name": "random_forest",
  "task_type": "regression",
  "model_variant": "RandomForestRegressor",
  "features": [
    "N",
    "rainfall",
    "K",
    "temperature"
  ],
  "target": "label_encoded",
  "hyperparams": {},
  "original_hyperparams": {
    "task_type": "regression",
    "model_variant": "RandomForestRegressor"
  },
  "metrics": {
    "r2_score": 0.8424464702641163,
    "mean_squared_error": 6.630357659174368,
    "root_mean_squared_error": 2.5749480886368112,
    "mean_absolute_error": 0.9981411201398225,
    "mean_absolute_percentage_error": 31.895449650069946,
    "residuals": {
      "mean": -0.0623732394784527,
      "std": 2.5741925410060786,
      "min": -19.16,
      "max": 9.54
    },
    "model_type": "random_forest",
    "problem_type": "regression",
    "task_type": "regression",
    "model_variant": "RandomForestRegressor",
    "model_class": "RandomForestRegressor",
    "hyperparameters": {
      "n_estimators": 100,
      "max_depth": null,
      "min_samples_split": 2,
      "min_samples_leaf": 1,
      "max_features": null,
      "bootstrap": true,
      "random_state": 42,
      "n_jobs": -1
    },
    "feature_count": 4,
    "training_samples": 1760,
    "test_samples": 441,
    "n_estimators_used": 100,
    "feature_importance": {
      "K": 0.3198286600124286,
      "rainfall": 0.26274968137944366,
      "N": 0.257625948395623,
      "temperature": 0.15979571021250463
    },
    "tree_statistics": {
      "avg_tree_depth": 25.42,
      "max_tree_depth": 35,
      "min_tree_depth": 19
    },
    "oob_score": 0.8342152064670791,
    "performance_summary": {
      "model_type": "regression",
      "overall_performance": "Good",
      "key_metrics": {
        "r2_score": "0.842",
        "rmse": "2.575"
      }
    },
    "preprocessing": {
      "feature_encoders": true,
      "target_encoder": false,
      "scaled_features": false
    }
  },
  "created_at": "2026-01-30T22:43:16.663393",
  "csv_url": null,
  "r2_model_path": "models/68300b10cddbae9779d24a9a/transformed_Crop_recommendation_1756552285783_1756552360798_normalized_for_feature_importance_feature_analysis_ready/d0a5a380-d470-4ff2-89e2-94f5780db007.pkl",
  "r2_metadata_path": "models/68300b10cddbae9779d24a9a/transformed_Crop_recommendation_1756552285783_1756552360798_normalized_for_feature_importance_feature_analysis_ready/d0a5a380-d470-4ff2-89e2-94f5780db007_metadata.json",
  "user_id": "68300b10cddbae9779d24a9a",
  "dataset_name": "transformed_Crop_recommendation_1756552285783_1756552360798_normalized_for_feature_importance_feature_analysis_ready",
  "saved_to_cloud": true,
  "cloud_uploaded_at": "2026-01-30T22:43:17.697316"
}