College_ID,IQ,CGPA,Academic_Performance,Internship_Experience,Placement
0.3881581014206026,0.4814386476454477,0.9031906063915167,1.0,1.0,0.0
0.8006497560568735,0.5451715844661988,0.11188326887038498,0.22928609579418086,0.0,0.0
0.0784953547910992,0.4505526050207072,0.8227447776766107,0.00810463714626716,1.0,0.0
0.6043195872075936,0.5617634301441572,0.38031552120473733,0.7720709660020172,0.0,0.0
0.8272048398056165,0.3787298490109419,0.7914445172680503,0.7820443308446543,0.0,0.0
-0.06207841817035499,0.4921306122977337,0.8295523620355492,0.7846582227840633,0.0,0.0
0.1285697985777879,0.4869613870440321,0.274745128946656,0.44608102117688386,0.0,0.0
0.06705724065477908,0.44466266746890887,0.7683875870360957,0.5586002239231699,0.0,0.0
0.5471977035020125,0.47042936699636095,0.4493950063794614,0.5515109924191989,1.0,0.0
0.08384256398940233,0.4517700665057188,0.9983346831947364,0.44423688866201655,0.0,0.0
0.7477400409890484,0.3986868301282481,0.581333950301066,0.6676077407083595,0.0,0.0
0.23891845864066916,0.559938349549248,0.9289789762783334,0.34328971883117076,0.0,0.0
0.711101153488499,0.4828014389268933,0.41790195710127476,0.6742523519947408,1.0,0.0
0.17821009649290287,0.3255273422726834,0.7621168434110329,0.898119128173862,0.0,0.0
0.755325279906969,0.4430272961037524,0.9262088392773327,0.7777971533619762,0.0,0.0
0.21803415495932552,0.24562173013055733,0.6166609404175573,0.8945729239369209,1.0,0.0
0.2741333962830168,0.44917823462449374,0.6158924723991843,0.12374695364850659,1.0,0.0
0.6941407354577113,0.48335490802690234,0.681071538945382,0.7733649009039336,0.0,0.0
0.0975138923185972,0.31944543359839433,0.47757432342430195,0.1255423729316485,1.0,0.0
0.6422333524869153,0.4554296849259512,0.5803348894907296,0.6593915364299898,1.0,0.0
0.1260980316564784,0.491282016779218,0.4867362948073798,0.5484798401216269,0.0,0.0
0.608097279269227,0.5027912338051899,0.5279175241324757,0.23294411557669745,0.0,0.0
0.9832287147655029,0.40584400260727194,0.30171290776999227,0.7832231070436174,1.0,0.0
0.22818348011169906,0.6240799009195745,0.6835798673747531,1.0,1.0,0.0
0.637593202691398,0.35212258701801324,0.5932211134024459,0.8958902091167282,1.0,0.0
0.6141704575892311,0.4362271117061944,0.08490218449072383,0.23031778838504108,0.0,0.0
0.16945136024484342,0.5454359256168128,0.3490218348311759,1.0,0.0,0.0
-0.026505689294237078,0.4553942038243977,0.7458348650635811,0.4427341607967758,0.0,0.0
0.675063052790857,0.40157118631529864,0.5024669886803337,0.6670705811938588,1.0,0.0
0.7180939514582233,0.3618330272640642,0.5145658806349168,0.4520861308662437,0.0,0.0
0.0755370130696269,0.4806645650141089,0.48525690608468164,0.5516861795499793,0.0,0.0
0.5197462858853219,0.4892840604107278,0.5793363067754804,0.4425399042389377,1.0,0.0
0.7098947187698021,0.357423420376986,0.7805056794178961,0.9083714572262953,0.0,0.0
0.22657927769133457,0.46259869228762474,0.5114836836349239,0.5552785215218028,1.0,0.0
0.021781108357353647,0.42102590472171897,0.7094205300950791,0.12698917288384362,1.0,0.0
0.3239834714605268,0.45769318135505593,0.6499186753824839,0.8921590519709156,0.0,0.0
-0.03582808976845642,0.4254421154728054,0.857277265704983,0.6847103180700804,0.0,0.0
0.22007636293076357,0.5339902293754498,0.8302753645814427,0.11781556484221865,1.0,0.0
0.39119245976545736,0.4973916481735645,0.9065526004435405,0.5579830657157763,0.0,0.0
0.4520504536652349,0.4605658885839189,0.3715258991340449,1.0,1.0,0.0
0.8376856392836708,0.7950015630791153,0.8021997338417197,0.10713893761035799,0.0,0.0
0.509735567511391,0.5889279523228635,0.4961625715026087,0.32022136307412385,0.0,0.0
0.6264203336658607,0.7581180545909858,0.4952967260355393,0.1242539421502376,1.0,0.0
0.02504300984750949,0.47284845931865316,0.282677853317557,0.0016733642972348063,0.0,0.0
0.17658706923560996,0.49818084770026383,0.5905963772874947,1.0,0.0,0.0
-0.0006750779166580095,0.5189372104959333,0.8296027661756304,0.23006698159060374,0.0,0.0
0.8015847348901317,0.4816585162589146,0.5190050121282905,0.56235766499309,0.0,0.0
0.8989544467609953,0.42679581248564624,0.5355880258444772,0.999483015946624,0.0,0.0
0.10967802840532387,0.5121710098828652,0.7259247341608277,0.7763058079282367,1.0,0.0
0.10046386886437772,0.37996949925845114,0.7936464331116032,0.2205456769774738,1.0,0.0
0.7974435367569432,0.3351643666912066,0.7556177384658914,0.43012063145969914,1.0,0.0
0.3095837659161725,0.4865042710585411,0.48972984271049225,0.5501075275809787,0.0,0.0
0.690833916838404,0.580652674988702,0.6243728723927903,1.0,0.0,0.0
0.501348373826669,0.4411437206941364,0.23826117100015823,0.34364784595216163,1.0,0.0
0.2413107279288048,0.26582082305383203,0.6771473999754248,0.007161808543836085,0.0,0.0
0.7561088056663584,0.3492624666506131,0.34499058482389133,0.6582528535361816,0.0,0.0
0.05472793530478896,0.47951326779124726,0.4892473252120464,0.0,0.0,0.0
0.3703161978897529,0.48730194824534434,0.40302479359079724,0.5610988991084375,0.0,0.0
-0.05306051497463113,0.4345110625697926,0.24380020216403017,0.0052134787225510066,1.0,0.0
0.3064474884127608,0.5557797529463554,0.43352953474570505,0.8892878050190528,1.0,0.0
0.20839220243545448,0.6099583546877081,0.21537657714611363,0.11163742751816431,1.0,0.0
0.8708097931641197,0.5591022815776417,0.7439473366028739,0.44549729060579407,1.0,0.0
0.6309831827408449,0.43401523461783237,0.25063597178721797,0.4609194309231883,0.0,0.0
0.12950082908021326,0.4216934279953591,0.8983415401291199,0.11389245104378036,1.0,0.0
0.8910816353023069,0.4759351057974694,0.6727688694607123,0.8882600733127992,1.0,0.0
0.518628092250544,0.27647418501932725,0.3139295091811468,0.01344904210494964,1.0,0.0
0.282832928199393,0.3790555427974496,0.5887827320717145,0.5517951136202167,0.0,0.0
0.3462659302639529,0.8343085344733121,0.40238391515396066,0.5568507789288816,0.0,0.0
0.44477239127097706,0.30281624736160834,0.09948139279990548,0.5601665375682545,1.0,0.0
0.7058810194737047,0.37451654336958917,0.2748843289133007,0.33744749593732026,0.0,0.0
0.9366494954618865,0.3831076477607581,0.313396504676416,0.009095478871683318,0.0,0.0
0.9437775381531337,0.4660219923759807,0.22894061672565694,0.657523933900695,0.0,0.0
0.15923913043583593,0.4409554923261365,0.8929807656316714,0.12010081758532343,1.0,0.0
0.2923777267523859,0.4736699239737443,0.25862973707370884,0.341517938394571,0.0,0.0
0.7219695875511842,0.6869477316130519,0.5357821879784741,0.5514948428699309,0.0,0.0
0.7081920019115945,0.48485360992098375,0.4029557539091799,0.5542571491447419,0.0,0.0
0.9214416582039362,0.29379269706235694,0.3396229563399154,0.11655476040063978,0.0,0.0
0.06480444326166925,0.46314018543228996,0.20597082153417826,0.9989533391780865,1.0,0.0
0.5328456603270064,0.7289161426658293,0.3436848700034101,0.2154289032876553,0.0,0.0
0.1960315961915532,0.6257260071644286,0.5343149049054131,0.5476943700665506,0.0,0.0
0.14867090648402834,0.5890673278767042,0.6333722393277226,0.21965932105358105,0.0,0.0
0.18000174103807823,0.28398629374564976,0.5056509291107671,1.0,1.0,0.0
0.6611606690777756,0.4731982578589286,0.3622476916648868,0.7900166508747835,0.0,0.0
0.21389937644599247,0.48966702469774914,0.5054396415151517,0.5562830405144595,0.0,0.0
0.03184859632040592,0.5174107441104598,0.5118263335731772,1.0,0.0,0.0
0.3928312376679325,0.7018523489741046,0.6659618687087832,0.7879335379588904,0.0,0.0
0.28537359442865856,0.41926195905523894,0.35875114461266844,0.9994749678106551,0.0,0.0
0.4265352045215504,0.49830057003800576,0.5382224928672397,0.0,0.0,0.0
0.39956029764982676,0.6158338206017199,0.8511694870382419,0.9997771534756473,1.0,0.0
0.4083923149523003,0.4025733026408726,0.2559884038808787,1.0,0.0,0.0
0.9819542042511636,0.4931554858349102,0.0016072104086591321,0.12540151634457689,0.0,0.0
0.29556377227314357,0.2283754135427813,0.11714718611012584,0.9004672357165621,1.0,0.0
0.005697446429586736,0.481056434406022,0.5106946500009555,0.5588121240700111,1.0,0.0
0.46988865590903145,0.3887600665639036,0.6343109361707222,0.21312137351643284,0.0,0.0
0.6094683534671783,0.49488912451096106,0.6311609339677301,0.10330988498062975,1.0,0.0
0.8973423687220553,0.5371950491207262,0.21298876868900551,0.7853286157489977,1.0,0.0
0.20787363229612352,0.32670479200427743,0.28522370375288614,0.8780168658183669,1.0,0.0
0.5441649250623146,0.4768565439474475,0.5202997759581925,0.11351572981233722,0.0,0.0
0.9332867493548397,0.22329787236177698,0.9302519284087999,0.9977881703738648,0.0,0.0
0.4279196580056082,0.3821044233353197,0.4962132775128977,0.5549413165718992,0.0,0.0
0.3178244022124716,0.49778819718947886,0.8420863145432613,0.6621044423986142,1.0,0.0
0.731982298166764,0.3717782022347401,0.6240986356155624,0.6660173766716198,1.0,0.0
0.3214942033855296,0.6292304144133918,0.8152412035174564,0.3472900757713588,0.0,0.0
0.7037992079708133,0.11057879205731097,0.929019665191491,0.4533522021132975,1.0,0.0
0.5161883536001308,0.5190435944455912,0.196658064731588,0.7896624808041709,0.0,0.0
0.9586439848360823,0.38349244418127915,0.8352508677063044,0.016624219988824553,0.0,0.0
0.6594642207618151,0.6169694617264767,0.6399741277438231,0.09888140431742758,0.0,0.0
0.3678459012357185,0.5082913749035918,0.7359028453860629,0.22448527098049068,0.0,0.0
0.08102265349346306,0.48641721002210253,0.7508358149909258,0.559859438067746,0.0,0.0
0.5294426502412014,0.5264571498887793,0.31553207737756245,0.11451781306848109,1.0,0.0
0.7252217586924579,0.45065316119579574,0.0,0.8822283927777946,0.0,0.0
0.1698651367360438,0.5887874346017339,0.4286496375932064,0.5573912165156356,1.0,0.0
0.8103561500031125,0.44267049477253667,0.9902176098231711,0.1193708060710675,1.0,0.0
0.2223482000654194,0.3512071097356942,1.0,0.9996453549387945,1.0,0.0
0.3894774925283959,0.584788617597535,0.5122297719270141,0.09524464800364194,0.0,0.0
0.9578624565260252,0.49843487037058015,0.779527052633624,0.33932619508668604,1.0,0.0
0.564650357260162,0.5292764294628776,0.21573188368315788,0.11882236610832572,0.0,0.0
0.3512403204851808,0.4874701975049217,0.3989575156225911,0.5574406779138743,0.0,0.0
0.8588734514990889,0.33950480863241816,0.8117753891932173,0.6635242124760471,1.0,0.0
0.4545591521060957,0.4866078195406924,0.5305155964912277,0.559709677394008,0.0,0.0
0.44883141386413616,0.5314466811787762,0.5217491928765694,0.3375916820440406,0.0,0.0
-0.03600777569710399,0.30778065005664906,0.43094933357690607,0.8014946597882313,1.0,0.0
0.9428382148145388,0.5554028029756641,0.8711977374417554,0.6764420886551983,0.0,0.0
0.05727917846515347,0.6125712879420498,0.561178512942447,0.6718305910456401,0.0,0.0
0.31693284228063323,0.26597858135050234,0.5962775325579985,0.6764878219670306,1.0,0.0
0.36791783094347047,0.37058962336311674,0.9298777412717678,1.0,0.0,0.0
0.9778414425690926,0.434603263046377,0.7303886185587792,0.7871068995753278,1.0,0.0
0.9000268428321503,0.6072415537324499,0.3294532776367967,0.3369448147677914,1.0,0.0
0.031109825915002,0.34465897124291756,0.5276300429420768,0.6700813144171031,0.0,0.0
0.29279835137350974,0.4999889956319316,0.9562020554171358,0.13070977029377828,1.0,0.0
0.750302074263425,0.4338065635301781,0.5602331480880618,0.8949285726442306,1.0,0.0
0.05029222211051608,0.623021494084946,0.4084009414876354,0.11308646535209395,1.0,0.0
0.3899958669217745,0.40175960058521387,0.6819151039534321,0.561804918241667,1.0,0.0
0.5709873286229592,0.36503228076828276,0.9433289768119772,0.7838493629950044,0.0,0.0
0.2724216604880096,0.26715645674479715,0.535621355270598,1.0,0.0,0.0
0.5781574912436855,0.4934977174536409,0.8188117681450885,0.5502504842949341,1.0,0.0
0.5772387353182431,0.5913371164326365,0.3488502771111877,0.4431425049705893,0.0,0.0
0.6336099210552089,0.4984354377967226,0.5564956845742756,0.11340857329643131,1.0,0.0
0.9612564093731163,0.6243534622455569,0.6546278276333263,0.3365088238935255,1.0,0.0
0.9110864349063075,0.4831633636679398,0.5165956558440105,0.5547622507532579,0.0,0.0
0.009896309663190571,0.4213355722189388,0.7043268395686625,0.6742708364586562,1.0,0.0
0.7074466226380148,0.4110508202801669,0.6470344110359413,0.13064334119154697,1.0,0.0
0.7793507350313011,0.32238280277092046,0.773871726634393,0.010377691359672314,0.0,0.0
0.8448243137990834,0.3147994868802575,0.29338248637272135,0.8743938177912101,0.0,0.0
0.664789321569436,0.38911956667122294,0.38076828326191886,0.10304685362207358,0.0,0.0
0.648363185107526,0.4948904889522542,0.7888253680794517,0.6719302962286475,0.0,0.0
0.7440993957555624,0.5629558041517099,0.1384576747326277,0.7656374997997736,1.0,0.0
0.6874573917979265,0.5507136275191038,0.5755124276009717,1.0,0.0,0.0
0.7032066677514447,0.2111493509921441,0.5128439820634175,0.5592729925739277,1.0,0.0
0.652561997044351,0.4557155950287283,0.9767416813929155,0.4497235830040002,1.0,0.0
0.39775319375711804,0.5327570785294585,0.3196365369617157,0.10211629942056358,0.0,0.0
0.46446556098396186,0.747058729628836,0.3077358656484965,0.7788698552274171,0.0,0.0
0.043033141647182915,0.45679197609436306,0.5099088984567149,0.3335237293477933,1.0,0.0
0.956580357879806,0.666184298382004,0.4361586134363913,0.22320152263615486,0.0,0.0
0.6180748222314162,0.1669014100888382,0.7048615044014428,0.7755010523869708,0.0,0.0
0.0880068568819909,0.7671565697696343,0.40728867035036387,0.44448560802799275,1.0,0.0
0.7618653609421754,0.7851110651561193,0.34812887074895676,0.4415547904677302,0.0,0.0
0.3911652349246026,0.49135185200233467,0.5076134206816275,0.3339850488299819,0.0,0.0
0.7363892281793434,0.48436975619137224,0.5135690843764786,0.5543645225348599,0.0,0.0
0.5829021705635877,0.5671706458961194,0.4891696818674031,0.33533419368813083,0.0,0.0
0.30999398348936336,0.5140508931688663,0.9976743236135188,1.0,0.0,0.0
0.17777718113083135,0.4286933966233798,0.7913364620179593,0.7793848100647,1.0,0.0
0.7388699635922107,0.33712151307468385,0.8627439301515094,0.12943685324738174,1.0,0.0
0.9892373616329213,0.26124973765570764,0.2941485812170896,0.4529258073769489,0.0,0.0
0.09057466472065827,0.4944769479366232,0.4937630415175473,0.5548329668550052,0.0,0.0
0.41266407380622266,0.41756114332629557,0.5803433974759541,0.6709682488403619,0.0,0.0
0.6829876844091024,0.6037747298114877,0.7057412810860336,0.3323765235724754,0.0,0.0
0.2474738465340994,0.496292715605094,0.6199820525333193,1.0,0.0,0.0
0.43684727516283695,0.4938523490825077,0.9059715035467604,0.24100157949407194,1.0,0.0
0.8597743190599294,0.5087091407849835,0.8714758756038146,0.3275528015506992,0.0,0.0
-0.022222399460642014,0.30385202140520423,0.7899647720139781,0.21456228278670877,1.0,0.0
-0.03609214807320314,0.4295355908499065,0.2658527088009768,0.6806742082513124,0.0,0.0
0.3323903462742023,0.49426188425692386,0.5229674156049042,0.6670600572243148,0.0,0.0
0.9907124793984748,0.5298553174056503,0.25091253495965377,0.0012168656861873705,0.0,0.0
0.6783651944509352,0.2284585905982937,0.29063754772824796,0.45583702199370235,1.0,0.0
0.1845902767725674,0.6208368611426517,0.28884170210348253,0.10649617877980268,1.0,0.0
0.7277555501074904,0.3937750191003224,0.4578463021006666,0.34155173052088217,0.0,0.0
0.42043403215129116,0.49244450489612446,0.743749881821797,0.3420565345868945,1.0,0.0
0.11488156817088954,0.6475314198781632,0.1958818444389243,0.008153551394553673,0.0,0.0
0.6884770830330746,0.5619247654390279,0.32891453379980234,0.994612626033344,0.0,0.0
0.46150505444444234,0.7226104972953112,0.673118813239522,0.11528258756933533,0.0,0.0
0.21739152373330525,0.6927285594375678,0.5616226481491017,0.44618905590102087,1.0,0.0
0.42225405249242703,0.38497783407667246,0.6995250758872855,0.9962974261747123,0.0,0.0
0.5812500186057067,0.5641387415056576,0.5985739032319682,0.32961078253683074,1.0,0.0
0.9184439221140666,0.47941480405611325,0.936920909312053,0.7818452586923657,0.0,0.0
0.5299934668471034,0.4814192499065219,0.022561102930662325,0.6644521733767843,0.0,0.0
0.5709902826320563,0.4544982388448866,0.8757744910782074,0.547876059607827,0.0,0.0
0.14119195572833926,0.36633508562205064,0.3994150449734233,1.0,0.0,0.0
0.37434896953022595,0.5349671730639746,0.7697128004674054,0.4360703667352077,1.0,0.0
0.2981106773053342,0.4762366532419286,0.48811627515380335,0.5485277189957111,0.0,0.0
0.6320598704723006,0.49631029461657855,0.8360498216383994,0.10990308828349857,0.0,0.0
0.5079576075229353,0.526965581131353,0.99185293140924,0.45592292726789924,1.0,0.0
0.005119226943797919,0.34590740254045016,0.8914876576540695,0.7960118129428685,0.0,0.0
0.46321666454755345,0.36632486592587377,0.37013940531407663,1.0,0.0,0.0
0.6996136206163505,0.7692025858412448,0.15725030298096931,0.4418974925110145,1.0,0.0
0.9178458738340245,0.5640568147922116,0.7471240350760094,0.09323438086967926,1.0,0.0
0.941333247401863,0.43380971550037906,0.4801142305801131,0.45506965628515145,0.0,0.0
0.49541947694663696,0.48482817626660074,0.4846768343133158,0.5545103041397751,1.0,0.0
0.13173197653555552,0.6686172584118883,0.4863450021752258,0.33419994059884633,1.0,0.0
0.4767333750846293,0.5489763115392873,0.46173169366155997,0.45615562761242595,0.0,0.0
0.527659855266446,0.606744950458571,0.06541874302821038,0.7636220587609824,1.0,0.0
0.6037281873294795,0.4274352028489061,0.841988174433485,0.4408323819699199,0.0,0.0
0.7782243789713374,0.6147807433089969,0.7427151258332646,0.776932302734723,0.0,0.0
0.8357669943742367,0.4361194455656189,0.3397420914016052,0.6704685519739407,1.0,0.0
0.4511483869231332,0.6196195514365015,0.3755002050874963,0.11193053401940102,0.0,0.0
0.8097016463424798,0.3996052657751566,0.9268232551775443,1.0,1.0,0.0
0.9334026235373385,0.4414604012116389,0.4192381777309404,0.1233644216135107,0.0,0.0
0.6268898167913116,0.4538559947328442,0.48927567678998557,0.0,0.0,0.0
0.5880866140840125,0.4895691024677201,0.25841257763597647,1.0,1.0,0.0
0.6595508094072375,0.45218280198260963,0.6629975628953064,0.007140801303355824,0.0,0.0
0.46967010369242,0.5376892352583393,0.5183126805332791,0.22919318178512413,1.0,0.0
0.17214243037922286,0.4879750208746358,0.5320398964818267,0.5537876031740184,0.0,0.0
0.39691793674635856,0.6239546386358209,0.4132036435166119,0.0,0.0,0.0
0.09749937921359536,0.3655409594798087,0.49279425015541767,0.5518476799194673,1.0,0.0
0.9401163521990252,0.4815390652840508,0.5082746892014908,0.5523285935261398,0.0,0.0
0.3306817472395899,0.3868033510542662,0.9650606872009793,0.10084575270794982,0.0,0.0
0.11539085087156803,0.7509608012578912,0.056759550254557256,0.23296482980990982,0.0,0.0
0.02449720721187787,0.35143668803946926,0.957263265627095,0.11366653632363433,1.0,0.0
0.925734140934652,0.6445270116500829,0.5861832475038327,0.0,0.0,0.0
0.06305004504825154,0.2771297902720903,0.39892929335621863,0.11484562276109841,1.0,0.0
0.4693124304466311,0.4936161226175437,0.23929948204757318,0.5467157857349566,0.0,0.0
0.7048546660236676,0.8467103872755566,0.5349302121912481,0.3406286795243101,0.0,0.0
0.5949448062885179,0.15202903742904442,0.5117144481247605,0.5555769206160923,0.0,0.0
0.07405413838098532,0.48907387773082706,0.502774603575621,0.5522590453690779,0.0,0.0
0.5574515662877342,0.49084480081168985,0.5203720286574427,0.5631543582086822,1.0,0.0
0.4283845066023525,0.519334146485333,0.5975790477790015,0.4517892726428862,0.0,0.0
0.38274181069832275,0.5654149725375689,0.22382562130219463,0.880149984275812,0.0,0.0
0.8742052242187198,0.27777000321792994,0.4672361535703944,0.0,1.0,0.0
0.034618262355442665,0.6023942143507786,0.3432748050872143,0.67488172764894,0.0,0.0
0.8906825163323645,0.6331997998966467,0.624214031379158,0.7702027171559876,0.0,0.0
0.21218988932165495,0.4313255406410494,0.7158489764269461,0.0085539317386447,1.0,0.0
0.5492244062539602,0.5669405134786107,0.2561507223601141,1.0,0.0,0.0
0.5079630931139396,0.5373027125681716,0.5833802388301835,0.34197876567785396,1.0,0.0
0.8921959081226605,0.5063071495569474,0.6522361013651984,0.3421263022748734,0.0,0.0
0.8341513493013929,0.5966789494066348,0.7826265095168172,0.7878427460189115,1.0,0.0
0.8654487345142039,0.4383276525006855,0.193128381334425,0.11978335718829586,0.0,0.0
0.5977583661743121,0.4914473256185206,0.1939893857776195,0.8984614118277237,1.0,0.0
0.11848508126346269,0.37036819030598495,0.4998920977733574,0.5545161825220638,0.0,0.0
0.108463907339069,0.43021414079044523,0.8881237244476184,0.330523751793069,1.0,0.0
0.6833131912538293,0.6037771193023667,0.12295360028949061,0.006919981520677592,0.0,0.0
0.19729236099663874,0.5307894380382294,1.0,1.0,1.0,0.0
0.2703013307771353,0.4425477680666706,0.4966209867833667,0.1032833083600444,0.0,0.0
0.11260887797205016,0.3497951553129853,0.7424934783125773,0.7868318702566894,0.0,0.0
0.7037024680327224,0.4160126904867183,0.8587951454901707,0.10373570199953308,0.0,0.0
0.751984058003385,0.573123142415346,0.728251966943542,0.0022452353501403927,0.0,0.0
0.6786315448066723,0.4876359190913659,0.49460764159044424,0.5526910598328194,1.0,0.0
0.26546899833175897,0.5412497347636301,0.34428300023737196,1.0,1.0,0.0
0.2543308768179581,0.3848633223148924,0.5856442515249219,0.7874909735957977,0.0,0.0
0.9223003337291258,0.4746039488031045,0.4164547333330918,0.5552421469358882,1.0,0.0
0.09078815684759908,0.5325661003050031,0.5219803390445724,0.0,0.0,0.0
0.3602685101085952,0.6973083072743785,0.9513199369759302,0.34267848137235846,1.0,0.0
0.46141658877538216,0.4793211250834144,0.9104763622940902,0.8846650090845416,0.0,0.0
0.6332104900489837,0.5059734357402037,0.49614347050370733,0.3401616086652479,0.0,0.0
0.2518598393095175,0.494780125908867,0.5857098941238756,0.3325358213590667,0.0,0.0
0.39025987980240057,0.25110076185309194,0.49476437352068003,0.3419095717638612,0.0,0.0
0.5619284670555379,0.3913802035480347,0.24455419306521947,0.3349817017272445,0.0,0.0
0.7002993930821676,0.4853181512710099,0.5098549392619071,0.5468331550572098,0.0,0.0
0.9032009688319628,0.2071439610167429,0.94316123599946,0.9961516379824197,0.0,0.0
0.6197639399940612,0.48075240747631104,0.5147412509252247,0.5509393419412622,0.0,0.0
0.7325029657854408,0.1888423664377918,0.23370264835055407,0.33028879706329073,0.0,0.0
0.8961392092552678,0.5017951315035959,0.8250303398207545,0.7772295884269238,1.0,0.0
0.8163294637578391,0.614860768972225,0.9958956877524316,0.4551381144004659,0.0,0.0
0.28276156645701966,0.49279734566705313,0.8679091414252378,0.34418027726924094,1.0,0.0
1.0022239537112694,0.587799025529051,0.7010717842063773,0.555660483845852,0.0,0.0
0.9395680488033268,0.5850561850995352,0.12176819146700021,0.3374316858742827,0.0,0.0
0.1513557010488612,0.5241483825873019,0.15274925964817318,0.6715320086777044,0.0,0.0
0.06977622289050431,0.22869066925064668,0.6473424231199648,0.44379575545033073,1.0,0.0
0.09196827334282795,0.43414920781802985,0.9117834255100605,0.78064599792772,1.0,0.0
0.10837715041609003,0.6553788225688264,0.9304917504307536,1.0,1.0,0.0
0.9284071035037698,0.4489384919423348,0.46857400379859754,0.8972691180527553,1.0,0.0
0.15763741554380117,0.3706064809955596,0.35443010729483215,1.0,1.0,0.0
0.13804763241925644,0.4927436043782349,0.5088806506610587,0.5503580296941298,1.0,0.0
0.6479572277695042,0.6442411068679808,0.3366165206189359,0.10884065625455007,0.0,0.0
0.9507465844099362,0.5325425019513136,0.8018136962108917,0.7776265338239681,0.0,0.0
0.38966941632609825,0.7564769684664051,0.6462002249603143,0.7851042442024794,0.0,0.0
0.4642451253584584,0.5052868482466093,0.7592109687368396,0.34296686569357376,0.0,0.0
0.31029762466864114,0.4949149782215606,0.4898988023218837,0.5570721597934262,0.0,0.0
0.8941093926727044,0.42404045576863414,0.3302098810971119,0.11977187949431288,1.0,0.0
0.8393512633113295,0.5886954350481182,0.3990444650240001,1.0,0.0,0.0
0.2677131937754344,0.5784373722798236,0.2672673102599023,0.458137276767298,0.0,0.0
0.7438860752602179,0.5305115833351958,0.39108742538704877,0.10960755920060831,0.0,0.0
0.14691970382846453,0.5350669496879372,0.6615076468946417,0.22789756809998996,1.0,0.0
0.5454816295283931,0.5629258550025528,0.4381225281094742,0.34231646294713547,0.0,0.0
0.06130776888715542,0.5435091750099148,0.2738055355148863,0.4601840753235859,0.0,0.0
0.4678886220703872,0.47943755021210915,0.738446739180942,0.7756856622436161,0.0,0.0
0.6635956516374807,0.5646981075595578,0.34748627191432024,0.6715428040754423,0.0,0.0
0.5378909585023831,0.48930782065697415,0.6768023939257346,0.5529970017010593,0.0,0.0
0.6435997665073865,0.38924171753227554,0.8511921758033396,0.12117892805262633,0.0,0.0
0.2650218173130328,0.3057328945094941,0.7678884381257964,1.0,1.0,0.0
0.5263250029392561,0.5318659451907537,0.49521173032483556,0.550827372870926,0.0,0.0
0.5292540360732584,0.4799238160708998,0.7469956487876362,0.7674618498649626,0.0,0.0
0.9687457506163775,0.4988715842034266,0.18232186737611916,0.1245259080736531,0.0,0.0
-0.013252303663114848,0.32909760040657604,0.24958919509995753,0.4498050388584988,1.0,0.0
0.5331278158656566,0.5330153722192221,0.1742413920815943,0.3256189148282869,0.0,0.0
0.7809377343984643,0.5424044102390438,0.49406652718687144,0.6745590517008844,0.0,0.0
0.6076422453117111,0.36906869513490814,0.4827234720844008,0.6643165104549111,1.0,0.0
0.8516129151203287,0.3597980381749646,0.48933742001311353,0.0010886132302523573,1.0,0.0
0.30181154184814435,0.4927500864644183,0.5142409279574264,0.5556121160590785,0.0,0.0
0.02359603926208919,0.3446321856967952,0.770760838681162,0.1094671865151866,1.0,0.0
0.6583326160757498,0.7444745742783815,0.5713829796860708,0.10373914296727234,0.0,0.0
0.0675369138961158,0.5431951128524138,0.6583873954271184,0.34712111312184035,1.0,0.0
0.8356042230798381,0.6464422389271643,0.37107531091628765,0.33026659712219725,1.0,0.0
0.6215479157030793,0.5369184437947337,0.8066553242566534,0.8845579454873176,0.0,0.0
0.5111386802698137,0.37321747797983396,0.5235207685658987,0.5504298427220478,0.0,0.0
0.022199855376492356,0.49435040888005227,0.9327094545347405,0.22364598256567106,0.0,0.0
0.6250493766809715,0.5910439664851592,0.07202322743114994,0.0,1.0,0.0
0.5985944417197371,0.5846910030351042,0.6682126949485034,0.002699102180985318,0.0,0.0
0.5165719683050254,0.4597409773689703,0.8299843317028843,0.21757000547310162,0.0,0.0
0.5515932370139904,0.2881045849641632,0.20085135006028787,0.3310245878722765,0.0,0.0
0.5734197770982694,0.4410424540118249,0.6480633401308181,0.4422907171782773,0.0,0.0
0.03510189428634942,0.46495878889697706,0.3515488630253738,0.5548097815959804,0.0,0.0
0.7856657159790201,0.5466872034265612,0.36120433960007553,0.774873615038825,0.0,0.0
0.24301433591297456,0.43051888180769315,0.8453832909585899,1.0,1.0,0.0
0.6471093909042716,0.7628599985505751,0.3905276268699679,0.09763572917857727,0.0,0.0
0.41510010781108403,0.5179388705601157,0.5009893133714789,0.8984235278961279,1.0,0.0
0.7262403615779386,0.3520832371402054,0.3466452911392524,0.6677664288491505,0.0,0.0
0.006894770215803675,0.41390451837315123,0.0,0.0,0.0,0.0
0.6011746305121716,0.6667145273709123,0.6123566788169376,0.11298490650888807,0.0,0.0
0.4850400925182981,0.4870776239241214,0.8623235331817245,0.6636903855421467,0.0,0.0
0.2284804111319779,0.49345635107090696,0.7930482541294619,0.6783626126857295,0.0,0.0
0.8987149539569537,0.22476856164650055,0.7666319178523231,0.11755293584284242,0.0,0.0
0.7138537868004746,0.6217035677768937,0.22507206975874752,0.7790524569585296,1.0,0.0
-0.00271762565821429,0.22066853275889586,0.11313199848164869,0.21932724030510214,1.0,0.0
0.7798182381919533,0.5361384475269309,0.3022571955182611,0.7742150308708324,0.0,0.0
0.11076092772946747,0.510750208868608,0.8026549568958731,0.12486683278325295,0.0,0.0
0.8639067067500452,0.4985662430296379,0.5104449477430264,0.6704139212227188,1.0,0.0
0.08167038866532994,0.3685766151770169,0.7692523179331345,0.3387643166527489,0.0,0.0
0.6125540342929112,0.4733070087101496,0.324904072615552,0.6572838207400209,0.0,0.0
0.6882669513456775,0.5110577302873562,0.7342890077962986,0.0,1.0,0.0
0.48747239218641253,0.40697383974480433,0.6065807734614189,1.0,1.0,0.0
0.29559399676845244,0.28416606546332124,0.39727669851527114,0.4507863472448614,0.0,0.0
0.1950040868481796,0.4316572826914405,0.651950029462695,0.5538510985013102,0.0,0.0
0.1477019644049557,0.29328232449354996,0.5192139696910245,0.33168346034338886,0.0,0.0
0.03026620156447945,0.42750686431976753,0.40358130602272074,0.9992329888630473,1.0,0.0
0.813167653622916,0.30394983847224555,0.4062849639717573,0.9942670128660693,0.0,0.0
0.030857317299271422,0.2302781576431101,0.49412163565535067,0.6694478533867688,1.0,0.0
0.7555091953142111,0.6694327583372148,0.4412165002675098,0.5560384108907875,0.0,0.0
0.06641436568014905,0.5780936340437028,0.6142567809890014,0.10990987971306007,1.0,0.0
0.005787548463617204,0.32961721063276395,0.4419362657479612,0.468584318946569,0.0,0.0
0.6471292151810752,0.5437394987999993,0.2995104143706351,0.4383880219721267,0.0,0.0
0.9455884271313199,0.5641119031519826,0.37927049216923564,0.0,0.0,0.0
0.07668365538872735,0.4328351190263737,0.21865140690421855,0.23835152785462815,0.0,0.0
0.21031484529090436,0.49197948719533174,0.5141192049828925,0.5558288310630917,0.0,0.0
0.9064890066618043,0.525027008619131,0.5560917332262929,0.32842901563911503,0.0,0.0
0.3395862593821435,0.22711876936351577,0.40486153087418136,0.44486411622216837,0.0,0.0
0.05828066513397477,0.8340607166763805,0.5788816740911428,0.665441245321903,0.0,0.0
0.4264126590396216,0.4891398771102925,0.4779017273818836,0.5458985042621315,1.0,0.0
0.3427248861627192,0.48474163447960833,0.7199966716649686,0.5567528566908191,0.0,0.0
0.36957251876945835,0.626546044779254,0.509600925899745,0.7702842624496546,0.0,0.0
0.03413260305345927,0.5318434842685204,0.6690838928399079,0.10213074949319137,0.0,0.0
0.7290367279089732,0.547224244192575,0.4083241658693476,0.3486801061460293,0.0,0.0
0.030458995283614204,0.25399406700587485,0.13803808868868417,0.9060257524436339,1.0,0.0
0.45613711471494656,0.6047576106233082,0.36039616196287594,0.8999328729927533,0.0,0.0
0.1685399422349256,0.6261146657567127,0.09182864225088097,0.8932500177925669,1.0,0.0
1.0044120136846562,0.3307742851600536,0.46499274622083653,0.8784354813950707,0.0,0.0
0.6048352918905757,0.22396268466929486,0.8873654145947051,0.9942731006428764,1.0,0.0
0.5957393215671778,0.6461352681949232,0.23237696575283812,0.33872276277025193,1.0,0.0
0.2747010384628035,0.4852974144638899,0.5177023055810492,0.5592903670147729,0.0,0.0
0.13189257230442292,0.6498524835778198,0.6309467122421267,0.22699781970529126,0.0,0.0
0.6024810572935663,0.3357796969813755,0.28922961062373725,1.0,1.0,0.0
0.45237877050558545,0.677316513577039,0.7387969920545246,0.4375249534120795,1.0,0.0
0.9683497301293534,0.28154635935303,0.5228384924371455,0.3267131515963285,1.0,0.0
0.2716097364445938,0.4930031955319007,0.5199854681740486,0.11291826253291154,0.0,0.0
0.4229381725709692,0.5262084282816558,0.641564280230346,0.45027321459791875,1.0,0.0
0.5974184544335358,0.39850126045685874,0.24487009944923746,0.3321090867944162,0.0,0.0
0.586665968718977,0.530473558134406,0.8045735674020027,0.11494362859347657,0.0,0.0
0.0703569493840542,0.5158238779581787,0.6945082766232011,0.22650166161936583,0.0,0.0
0.10408031527809522,0.5152032474618209,0.8721696659375701,0.9032697991286925,0.0,0.0
0.35227722247685866,0.28038239349311195,0.3453706925132043,0.7870226249468244,0.0,0.0
0.04474202116251606,0.2928083002033473,0.21610108532813785,0.029004225567586077,1.0,0.0
0.3610317146697339,0.6503986047461606,0.8605428145492426,0.44735656965150894,1.0,0.0
0.49372548043143377,0.3903939725655625,0.33725517768883007,0.11947895653366046,0.0,0.0
0.7230514255554632,0.5751810652075593,0.31266478003745235,0.12329881316465628,0.0,0.0
0.9054062558347664,0.408174102438141,0.7923310519543574,1.0,1.0,0.0
0.006812404123712035,0.3183521824083138,0.12036818248713309,1.0,0.0,0.0
0.04514863407957939,0.5909812450760635,0.27451210826019284,0.5595912579324597,0.0,0.0
-0.015017381723946344,0.4877706260487288,0.9143244024327861,0.5616127309650455,1.0,0.0
0.3679796873465935,0.4297149535672995,0.7965652145729791,0.8971647593561808,1.0,0.0
0.9427582408898508,0.3283687497465667,0.7842991736450508,0.2346904504397078,1.0,0.0
0.6413271968590628,0.5864072026208474,0.6871671900961912,0.015976898249270725,1.0,0.0
0.3594698843722237,0.4528657487266303,0.5025424043629505,0.5505759900875533,0.0,0.0
0.38660861258708257,0.43424609605017783,0.7079234620160582,0.5516446547501516,0.0,0.0
0.9391175230374625,0.5233013226319418,0.8300377994565338,0.11406566293597135,0.0,0.0
0.41539604021936793,0.41106490830800124,0.5662095756757319,0.005084385067767837,1.0,0.0
0.5426897562505382,0.4974868417790314,0.49269653650070033,0.5526782346409174,0.0,0.0
0.5556412922042078,0.48462478503672657,0.5540202371904501,0.45199254144362144,0.0,0.0
0.5695904260811268,0.6068394710419514,0.46962562922101736,0.32095775927184067,1.0,0.0
0.5548775568802283,0.5603957622817753,0.9754961805975347,0.7841902640400668,1.0,0.0
0.3312120278325063,0.48377953352721814,0.5300329704944224,0.7808334771096429,1.0,0.0
0.6249750847382013,0.5952709185220633,0.5867493653548308,0.99520660818989,0.0,0.0
0.28337313657765767,0.32596797874213956,0.24780269058824855,0.44410153006182174,1.0,0.0
0.5751973563632861,0.6787851422046121,0.7037107174217139,0.8739646756547829,0.0,0.0
0.5547693823869859,0.6149019679484244,0.4997604423340167,1.0,0.0,0.0
0.7547417553150856,0.2992837542728117,0.37717988391982893,0.9992547045092947,1.0,0.0
0.3043762979112403,0.566379185111253,0.18025391654690048,1.0,1.0,0.0
0.26102546582744224,0.27979550804832287,0.27547307773485435,0.552341475207733,0.0,0.0
0.4529726129187246,0.607436589679233,0.19800634017004087,0.886308556565178,1.0,0.0
0.5920654815293046,0.585642878863656,0.5358566218313007,0.6625286015462696,0.0,0.0
0.7364247416894196,0.49005690001869334,0.5146275016270844,0.558968911817492,0.0,0.0
0.4448319633559163,0.2873488862124803,0.5199173882365858,0.9044110115084962,0.0,0.0
0.22871227373613046,0.4920445232849189,0.8432494241306837,0.10876370207357243,1.0,0.0
0.9098953445425656,0.5018629111459555,0.07788156912174547,0.4455442420807677,0.0,0.0
0.9001931991458451,0.3772075211844568,0.18379424873242858,0.0,0.0,0.0
1.0093288334705384,0.3232929161987947,0.6560160437534821,0.1183522507380259,1.0,0.0
-0.03318330135691344,0.3925372797403702,0.2253245748582072,0.6733117834562921,1.0,0.0
0.6214608442563936,0.3254660565456449,0.7735556427284607,0.0,1.0,0.0
0.7094056730267607,0.34895616387420764,0.8997111311811741,0.5556292517649383,0.0,0.0
0.43139082289867353,0.36229020035498527,0.9571750175717132,1.0,0.0,0.0
0.14165444033810498,0.320936649597831,0.17135037171172227,0.6701183082928193,1.0,0.0
-0.009485622924135378,0.44028625657806575,0.276051262715491,0.11525835314726833,1.0,0.0
0.8541304996026471,0.3893620902860943,0.8999294724645428,0.9033153232434646,1.0,0.0
0.7269840825245473,0.4847622622060707,0.47394883083662903,0.548246262157394,1.0,0.0
0.5799511651356105,0.5168769192157258,0.7481632238152256,0.43803219150273653,0.0,0.0
0.3679541680030244,0.6304153992685744,0.5387259412137245,0.0,0.0,0.0
0.6031276643889821,0.4883260449824127,0.7940177634454668,0.5500233896403665,0.0,0.0
0.9492282421177491,0.24536027338335342,0.1780702546934893,0.9955824425694885,1.0,0.0
0.9305406125388854,0.5338986477544947,0.2651235933616798,0.6797536543137422,0.0,0.0
1.0285022051164887,0.4870946541703799,0.5247216966492747,0.5512908029181773,0.0,0.0
0.20158272728896645,0.49473735472336405,0.5239025957539013,0.5596132368927373,1.0,0.0
0.865324613491217,0.41663271992209594,0.5785682802858612,0.5479196859054469,0.0,0.0
0.36387919859410933,0.6330491394806829,0.62233955668523,0.7715354039398489,1.0,0.0
0.7549556514679663,0.4748429086176199,0.8145388751338984,0.9868414509141537,1.0,0.0
0.49807489720628156,0.39979091108418907,0.3742498633772918,0.4427740356204186,0.0,0.0
0.12272137642561404,0.4201776380846783,0.8286171774810385,0.34373830649962084,1.0,0.0
0.6476931780433925,0.3871153070007378,0.29918428051280355,0.5593931233886383,0.0,0.0
0.5363743356202761,0.4993494659787577,0.37084682149373094,0.5620367742863203,1.0,0.0
0.09831464594938027,0.3933639004277394,0.8138777314810448,0.2259142303447672,1.0,0.0
0.4309440245128496,0.29402382291097007,0.3235053653831871,0.33174787454518667,1.0,0.0
0.2366970707494153,0.3898332432578006,0.4955177628684659,0.5538620474429835,0.0,0.0
0.2874597688771114,0.4428888746418841,0.521363265333838,0.5566495420240525,0.0,0.0
0.72532305520225,0.6129495187460734,0.21938994194469172,0.9987449549515082,0.0,0.0
0.23530224388993798,0.495439574156417,0.879023518123188,0.786715098695331,1.0,0.0
0.7483636461591373,0.48357955333346225,0.6189633306195296,0.21795846622431764,0.0,0.0
0.5809049588865641,0.5216993911693724,0.41877238587221777,0.8920683281474946,0.0,0.0
0.23645180378086156,0.5578162071109916,0.7031170489565302,0.12218042793775621,1.0,0.0
0.5960087758996748,0.2105923571399101,0.35511292102833925,1.0,0.0,0.0
0.8787400537710054,0.7250383287426228,0.5091065868284069,0.10673791348607155,0.0,0.0
0.14997298650910387,0.4841166375829244,0.7994035682228989,0.44680921719505545,0.0,0.0
0.0907779460863321,0.6303471357645801,0.8278369998476851,0.23261186212104065,1.0,0.0
0.04536703737340171,0.45994835448183763,0.26336672052736043,0.21571190188250197,0.0,0.0
0.2197938457166643,0.43865421265621823,0.7637021287636935,0.9964592749065785,0.0,0.0
0.7870911180641197,0.5259570216653487,0.6685621766023195,0.6669804394468318,0.0,0.0
0.5742774156177164,0.5628610096132474,0.586825468850779,0.44108385908389036,0.0,0.0
0.9432013176492476,0.48409543499938684,0.24050268323793883,0.44192849866544337,0.0,0.0
0.9417545510341847,0.34677900640496595,0.5134437449257663,0.5547841924262753,0.0,0.0
0.7627735842353072,0.49727802163422874,0.5789979824170923,0.6598730664382657,0.0,0.0
0.18592710216461242,0.320145842582992,0.40152509275453674,0.5550951564922219,0.0,0.0
0.7263542941837372,0.3162215991145525,0.7536231830293052,0.3204997504094277,1.0,0.0
0.07870619061707568,0.3341025414610947,0.6370659406854791,0.6620861232943999,1.0,0.0
0.43289783974391915,0.23464020775794128,0.39009887687671274,0.1028849359221851,0.0,0.0
0.43724744096205004,0.4994799873017688,0.7571498044603956,0.6785859551102993,0.0,0.0
0.5736585997533389,0.527715553538174,0.422087822414955,0.4497692961370053,0.0,0.0
0.33708829977292987,0.5005810288078532,0.5866292596721795,0.3390552974189661,0.0,0.0
0.0805314989973335,0.4732473539557617,0.5150686096706444,0.9996493028203066,1.0,0.0
0.2565028024309662,0.6392174218688936,0.8186922299628228,0.5561504622064566,0.0,0.0
0.5125407556384602,0.7930182301769584,0.44958759792384784,0.4396008011543669,0.0,0.0
0.33769377971846,0.2213407043377864,0.284824056769893,1.0,0.0,0.0
0.8461963860090227,0.5231618568172512,0.8811989246449499,0.006168540263021901,0.0,0.0
0.646476651313014,0.4377398047442693,0.9131973797456193,0.21967360996661445,0.0,0.0
1.0000630867869098,0.44934845319161765,0.3022564187632816,0.0,0.0,0.0
0.8427017671074486,0.4826245249942124,0.49024322409267185,0.5488180382131335,1.0,0.0
0.3341276226489906,0.6070019097255847,0.5230826910697515,0.2117462180587158,1.0,0.0
-0.013222064805956779,0.22175673730426276,0.24114415671477207,0.5574300613063373,1.0,0.0
-0.010783977871078279,0.4310815041785899,0.3741788862013163,0.6675498904805205,1.0,0.0
0.04395001946348677,0.47870256758593294,0.5121415744288146,0.5578076144245694,0.0,0.0
0.9096768582531056,0.4213253074761151,0.2208055309600765,0.8766451359539345,0.0,0.0
0.9261830409349674,0.43801022920206817,0.7507778136921444,0.6577408551234104,1.0,0.0
0.7659926734109173,0.47659044582955357,0.5123445285149628,0.5543369096422882,0.0,0.0
0.9613995520320262,0.7353322086642892,0.7014924384448632,0.2412148910492221,0.0,0.0
0.41306185604509715,0.4294760505755843,0.6049634565899861,1.0,1.0,0.0
0.40193529357468827,0.3798289028095693,0.21108214925621516,0.7682466864517191,0.0,0.0
0.12402871307569671,0.49073950333123134,0.5100275463085312,0.554719111425224,1.0,0.0
0.8077737092262922,0.23810137934573455,0.29181987389910313,0.6777729649395959,1.0,0.0
0.4592664748064856,0.5117314552011184,0.6154754146720516,0.5547176610828829,0.0,0.0
0.6414204995538223,0.61824320130158,0.1265463824775179,0.6639984725746025,1.0,0.0
0.45696207252761767,0.4832891128182456,0.8785816418509084,0.33752487975186246,1.0,0.0
0.9290535649503526,0.26322841241529216,0.27601157010461463,0.3388870003607248,1.0,0.0
0.9864737280614916,0.5229631700182849,0.4974365500069554,0.5630785742399546,0.0,0.0
0.40598275280037943,0.5148050757975109,0.4983085544944162,1.0,0.0,0.0
0.9194688047825026,0.32357764572367853,0.8861386904533606,0.10108579680850598,1.0,0.0
1.015218064358791,0.32689062005990244,0.7053423378490378,0.44939122554313565,1.0,0.0
0.4787564148735728,0.527880978864404,0.2747664098597331,0.3460363843201464,1.0,0.0
0.6310427891844972,0.35643649059469656,0.4882348483312344,0.5542697318170523,0.0,0.0
0.09374079094149987,0.712830210906521,0.5213630061950884,1.0,0.0,0.0
0.768476688642638,0.26914966606005014,0.6470126236277655,0.22657204275796894,0.0,0.0
0.10607613657780668,0.1511546416241661,0.5984244368739312,1.0,1.0,0.0
0.7697596188592833,0.49219755673288923,0.5212610591495956,0.6561918479637066,0.0,0.0
0.6387366307538416,0.5403425245074633,0.465154654374223,0.09929095915348557,1.0,0.0
0.6732665043224149,0.4509753887285461,0.30580916261783864,0.4484208245116448,0.0,0.0
0.6624636595127448,0.35478770604790205,0.326515671269663,0.2348383409246489,0.0,0.0
0.3037876642141549,0.40818331061925256,0.6251112287415782,0.23374432904361697,0.0,0.0
0.9480383589833055,0.29484310126787444,0.7955973572499134,0.11120105623484626,1.0,0.0
0.8686951042829657,0.37646814600423506,0.6372097955665584,0.7831928553199694,1.0,0.0
0.6990378573173448,0.5560327606988762,0.2714947530237819,0.6720390197523346,0.0,0.0
0.41398753359296403,0.49658141001492817,0.8550602383412713,0.006657544011488101,1.0,0.0
0.25109873442492336,0.40137446538661753,0.5779865909354157,0.023890701228670246,1.0,0.0
0.39090239791780396,0.33277898398909345,0.3765754648331022,0.0,0.0,0.0
0.6769729395883736,0.49720386231305014,0.5082940528715715,0.563107555483535,0.0,0.0
0.3633668226528317,0.4958873621152919,0.6021669727017268,0.555035674320608,0.0,0.0
0.11083688162886465,0.32841283343950384,0.40328384364947656,0.8880923654024921,0.0,0.0
0.32186731269355706,0.43307811693848586,0.8148282546512555,0.12732260813544077,1.0,1.0
0.2005927706296375,0.6511700001704329,0.8332521175821358,0.5546057296554074,0.0,1.0
0.6701657129809272,0.6671385062523916,0.9187972968018949,0.5593169927601512,0.0,1.0
0.19796989227510772,0.6087522748421427,0.888637212834019,1.0,1.0,1.0
0.5702615384249612,0.6790964426515997,0.947733240258409,0.0,0.0,1.0
0.3908243984545138,0.4883764281261545,0.5157776872473772,0.5613484429288417,0.0,1.0
0.8120359019105448,0.42421656201930585,0.8199221913945589,0.11748281529432295,1.0,1.0
0.49731315681108057,0.45490463810763904,0.937742489611444,0.20524201423393154,1.0,1.0
0.908050248854662,0.49070929532490765,0.6417922733997051,0.8726076142142299,0.0,1.0
-0.019150127958456206,0.42612469913306095,0.5638454733221429,0.3249621292666612,1.0,1.0
0.18306365209010175,0.6423360504893084,0.21739938905035033,1.0,1.0,1.0
0.4180050116299895,0.4969714088800931,0.42106974706010036,0.5518537828381183,0.0,1.0
0.2871744026544022,0.5788273082895972,0.6454202910515545,0.21173631917819577,0.0,1.0
0.8948373229175494,0.4936117346726693,0.4267115005910661,0.5447156572712244,0.0,1.0
0.305238159348711,0.7393734563018035,0.8621586236494216,0.8922539933133525,0.0,1.0
0.08701981725152075,0.4844515386170406,0.5214915906133293,0.5527237236759441,0.0,1.0
0.3771834047132648,0.7944045231795962,0.7498448160927489,0.5470424351390217,1.0,1.0
0.06694523095450966,0.48974777835247857,0.5235495044908216,0.559843225932777,0.0,1.0
0.25778177405531516,0.49705130717805757,0.17609502139915187,0.2202326763866011,1.0,1.0
0.3263376203246118,0.5080069497869182,0.4854600921947615,0.7852473155822316,0.0,1.0
0.5948596927231379,0.8117077856654303,0.5130958328082796,0.10254501910241223,0.0,1.0
0.2261070621820203,0.48615283773882356,0.7252042845207298,0.45181700010199016,0.0,1.0
0.694094179190061,0.581044668615865,0.5196408756448929,0.3286086633997359,0.0,1.0
0.2972216950111811,0.4813333704208327,0.3545827531500434,0.1059494627867155,1.0,1.0
0.009100375225765192,0.5897126243114589,0.1951085636341313,0.017032320837386615,0.0,1.0
0.5900549771871616,0.45285006488155016,0.7043866040813864,0.01318435113421499,1.0,1.0
0.11921671557477023,0.7522284847152272,0.9563923143382019,0.3377557161566344,0.0,1.0
0.14284978075395283,0.7444335761184893,0.39954779037716204,0.4539737836800503,0.0,1.0
0.6489475811626134,0.5346902929885592,0.15034440508942803,0.8983382562503038,1.0,1.0
0.5311855905641005,0.47216265965808185,0.032826766137070085,0.44804596499550486,1.0,1.0
0.6914840008007415,0.690672660684342,0.8520903981670024,0.11969924818467309,1.0,1.0
0.8568381062110362,0.49120410591952146,0.5038175553453845,0.550993090460021,1.0,1.0
0.09414223010597786,0.48099762415966296,0.578060911531987,0.22536408665206792,0.0,1.0
0.34320466425759344,0.4570804950381936,0.5618211820195196,0.5513574562833666,0.0,1.0
0.35158386882889153,0.7527300940933821,0.8949046173798734,0.0,0.0,1.0
0.9289738254374926,0.3241823767076912,0.7260059511451576,0.7803101819253122,1.0,1.0
0.15091632728240595,0.49523821833762727,0.7842392532661628,0.5554403848769265,0.0,1.0
0.8667916498225214,0.5481545827912688,0.4724303132622469,0.11513512716262926,0.0,1.0
0.1431018975745572,0.47447749753389434,0.5063305039214484,0.5513049460674067,1.0,1.0
0.24064979053184804,0.480959253108572,0.5047178449270018,0.549238967692582,0.0,1.0
0.452465329718765,0.6017759777318892,0.6970460294745924,1.0,0.0,1.0
0.42147683172903283,0.5392604711952521,0.586761726263399,0.6670426805424586,0.0,1.0
0.8092430489941616,0.41299536910317647,0.6148586429753782,0.8749938527638905,1.0,1.0
0.7517709669550181,0.4160417299586199,0.1221749561990608,0.11007031944011929,0.0,1.0
0.6021182751087575,0.6404749708045917,0.39103826394975455,0.7766966326095015,1.0,1.0
0.9184311436893653,0.5656760818929589,0.41038116558042126,1.0,1.0,1.0
0.159717787020537,0.4856514654004408,0.5119133505880245,0.5565130194452829,1.0,1.0
0.8476574868892547,0.48798255956008385,0.5018934280567103,0.5512042473000625,1.0,1.0
0.3190851011754672,0.610192341478558,1.0,0.5603948063143173,0.0,1.0
0.23792944747297864,0.46834327638771417,0.7823513216205876,0.6725554499330323,0.0,1.0
0.5560093647606255,0.7305943292406756,0.6297554014845554,0.0,0.0,1.0
0.7986927410678593,0.41568276544150057,0.792800253789438,0.7760311108714523,0.0,1.0
0.37897324492549644,0.5689194262674083,0.5196446525597542,0.5535094335074073,0.0,1.0
0.5969245154575296,0.6360469054614782,0.8152405018993663,0.11030511369951898,1.0,1.0
0.33129966200668576,0.41443168686935145,0.8032812591303302,0.8879085301984075,1.0,1.0
0.6584540375728478,0.4542114047619885,0.22062650159319164,0.1127049714585589,0.0,1.0
0.6270553236544198,0.41192371985550824,0.972542559491758,1.0,0.0,1.0
0.8268403602054394,0.4964134989524446,0.4522975700496483,0.548555797217034,1.0,1.0
0.7116523736233402,0.5797396093403153,0.9102532895128062,0.11174722383926153,1.0,1.0
0.6932814120432708,0.5441718257563907,0.671140682806693,0.8753316517125862,1.0,1.0
0.5930578062379213,0.45698014683061033,0.8636992316068274,0.6636039270465272,1.0,1.0
0.24836940493091844,0.7133225525969066,1.0,0.9939561759040827,1.0,1.0
0.4512378088715689,0.6936505595709436,0.8246420683443714,0.4487556531985241,0.0,1.0
0.2726595218129498,0.5489378247165765,0.8655212011554159,0.33381297324217996,0.0,1.0
0.034401999399138856,0.34089848720009014,0.8069276477402985,0.010023071325312792,1.0,1.0
0.05803946069352668,0.5705311895505439,0.5872374623690321,0.5510605163928575,0.0,1.0
0.7488918783364307,0.19235282362984535,0.8564613993013742,0.12667891611045082,1.0,1.0
0.2646551480346155,0.4876067664882469,0.2916870513342963,0.5570261249623185,1.0,1.0
0.23988679231593976,0.4879481305788397,0.9943577178299046,0.556684731444054,0.0,1.0
0.5981457921062352,0.5396803041510219,0.7655704500214534,0.32724296494347327,1.0,1.0
0.8561443359543353,0.6270721171868082,0.5831207777466154,0.0,0.0,1.0
0.06078985931397596,0.47948559319914397,0.49861598620027076,0.5486110912774875,0.0,1.0
0.08695472921397748,0.311456923658502,0.626195410133319,0.5584291682614583,0.0,1.0
0.3916553165336458,0.6199486633984647,0.716804287158899,0.33798199734753254,1.0,1.0
0.890296886818637,0.5913641921072289,0.7411755122726582,0.7863225455821572,1.0,1.0
0.22253133483510548,0.5388558440274119,0.9668798706116439,0.6745963724578665,0.0,1.0
0.3487236815387851,0.5983275231847768,0.7454595881448964,0.8890240998902167,0.0,1.0
0.7471129069088374,0.5809709582170042,0.7811300974546117,0.0,0.0,1.0
0.910812262194724,0.4236454965685061,0.8704277655806212,1.0,0.0,1.0
0.49934970300542564,0.5219723284382318,0.8101874169910086,0.6644230716686192,1.0,1.0
0.6036656883255599,0.5297034228029629,0.8132461833558521,0.10896682224983062,0.0,1.0
0.657198462183904,0.5365073190758071,0.32337381250568065,0.0015969509786211249,0.0,1.0
0.27179056303389715,0.6799880699564184,0.7273985422601101,0.8824229722887386,0.0,1.0
0.4704354715904563,0.7438240723777003,0.6123935500601867,0.4402899527111584,1.0,1.0
0.8476095118094694,0.3413543673626114,0.7897223705305433,1.0,0.0,1.0
0.09521385941299146,0.410314364788836,0.7694422606822514,0.5492393513348013,1.0,1.0
0.803905385097303,0.43531264475057085,0.7484688467019008,0.5579747842864087,0.0,1.0
0.30290854877046725,0.43808000554058124,0.9284727461488568,0.5581747486491837,0.0,1.0
0.4374740917737299,0.46917283263494086,0.8431303314285545,0.0,1.0,1.0
0.9265979575786047,0.5702356807889299,0.7690040602661656,0.6594131515336618,0.0,1.0
0.3764620706312374,0.45324463924719427,0.1631953925834884,0.9036906422143043,0.0,1.0
0.5235394820617494,0.720326338167331,0.3117856587848576,0.6667380054531579,1.0,1.0
0.13087572935527436,0.4706054884430783,0.31061603064128446,0.6672309848615872,1.0,1.0
0.5511178148660518,0.45721661705761285,0.7073566835257428,0.5543391974747812,0.0,1.0
0.10483265999088127,0.6108367762564003,0.029761844197294746,0.1291539788088727,1.0,1.0
0.08891118790766267,0.3924325303573184,0.9542482482223521,1.0,1.0,1.0
0.0635392592875724,0.4877380871609846,0.5183608459417615,0.554411941566602,1.0,1.0
-0.021212696365949177,0.41696566425080345,0.1675172851434152,0.4516224318361345,1.0,1.0
0.9630915344329478,0.37884748499921145,0.5304029818261042,0.018193504417894454,1.0,1.0
0.21856644827164753,0.3684534122631737,0.8292984779479764,0.45145722355464213,0.0,1.0
0.47599682770303864,0.728674456330258,0.9930016425241144,0.12159265587126826,0.0,1.0
0.37156171839078944,0.5362571321542671,0.3610766915606228,0.6824406976413055,0.0,1.0
0.16725164231150924,0.5046036580099456,0.5190046886461784,0.7673827826510586,0.0,1.0
0.12488603348494834,0.5904932574175762,0.5615463947668586,0.32522441864295315,0.0,1.0
0.5872508113273536,0.7707399051990528,0.5859893840885866,0.33039258255304665,0.0,1.0
0.4317798607664686,0.5370164260854351,0.63462600470759,0.7748365294452896,0.0,1.0
0.4401782415560112,0.5121106054778475,0.22643571863387574,0.34566657925053423,0.0,1.0
0.38398377816572765,0.6180049431973136,0.7446384819716529,0.43917284575540494,1.0,1.0
0.42769089568901597,0.4618488134437324,0.6816306050338742,0.13938394303174304,1.0,1.0
0.2834765814408475,0.4892432024874145,0.5285691340046165,0.5589698733614441,1.0,1.0
0.23622147516342765,0.5314357577595582,0.9442942181122771,0.43777534470269297,1.0,1.0
0.8263670110292491,0.5621324109342392,0.7184628371216513,0.23358727792469614,1.0,1.0
0.6238120858604839,0.6492637581737019,0.7743987853073475,0.7768709510142965,0.0,1.0
0.4520723145689995,0.5399280997456213,0.9472169919584463,0.4563441212105539,0.0,1.0
0.7926278745340785,0.44793063427186,0.7223950707808842,0.7701781462482663,0.0,1.0
-0.04405734862780318,0.4888334555093028,0.6074213346454486,0.0,0.0,1.0
0.8744868372414324,0.546030654740677,0.6918874724828338,0.0,1.0,1.0
0.1295080348729169,0.4018255599517021,0.46943845717370924,1.0,1.0,1.0
0.6719555685014399,0.5456793772265291,0.5944489330854242,0.09549648600867519,0.0,1.0
0.39043420997124945,0.5630543785660301,0.8749318702970447,0.8961518020744054,0.0,1.0
0.6975831850423324,0.38092038931415517,0.8805124091703661,0.34444122268255,1.0,1.0
0.42376669742510265,0.4799334257137743,0.47972667233558086,0.5537854864362016,1.0,1.0
0.08579400056794881,0.3779906102597608,0.7284743929294633,0.8718920456518333,0.0,1.0
0.7231093689867762,0.5360675551612791,0.4209760141951686,0.9926990365171097,1.0,1.0
-0.020197637155692755,0.5996759865601119,0.9920065894162577,0.44883342950361294,1.0,1.0
0.8349393638117552,0.6701138313561705,0.20590414390575093,0.7811660660547025,1.0,1.0
0.4539369205479433,0.4837756282959049,0.4992781499169513,0.5545941154358601,1.0,1.0
0.33120220906569897,0.4074868919681888,0.793633845044222,0.9933366880720504,1.0,1.0
0.5984580581713699,0.4217609906409476,0.5704163792635228,0.5522148238976972,0.0,1.0
0.28725406669595915,0.5008968154060082,0.579289797963564,0.5432742557445682,0.0,1.0
0.11478622924375251,0.48553881251077075,0.7457782479847119,0.5553876481497508,0.0,1.0
0.4121108531610279,0.6989155352185585,0.5703017901156454,0.0,0.0,1.0
0.4916690197235924,0.46522369562477117,0.8470440996139184,0.6658795752282158,1.0,1.0
0.01846634158484406,0.6034051455734551,0.4554266687360184,0.243962981502194,0.0,1.0
0.5638554107341365,0.4922342987343935,0.48252239602761693,0.5473597560224291,1.0,1.0
0.6037453332039633,0.5169135351110977,0.5048490382188714,0.5515506270495756,1.0,1.0
0.42676213377689987,0.4344565633795051,0.5037883127987833,0.5600807297273467,1.0,1.0
0.31051682296635674,0.7020257847530568,0.7101201353202451,0.09903609947084856,0.0,1.0
0.4388055942069058,0.8124894360064452,0.8127808896382843,0.004008234004552704,0.0,1.0
0.20299033002930336,0.49829216800763787,0.9440014605686253,0.9035481601720209,1.0,1.0
0.31721774769790556,0.5988430253055664,0.15282471284600982,0.5626694620787811,0.0,1.0
0.22819793404994948,0.36332513494185387,0.7558867664251517,0.11315775600393402,1.0,1.0
0.14418838637374165,0.5411020548187228,0.8420828369148199,0.9044931707708503,1.0,1.0
0.1500370146385418,0.49292898831137416,0.5959939198535243,0.5566127602246806,0.0,1.0
0.6375532900079298,0.5649996731094156,0.28049946227691136,0.22839737694995255,0.0,1.0
0.21703836035582666,0.6893923559757742,0.678480248407838,0.0,1.0,1.0
0.7787848536228232,0.4780016315634358,0.6677611204097483,0.77915062922903,1.0,1.0
0.06485222015892664,0.6336894167670719,0.8765541107938624,0.7915691789536271,0.0,1.0
0.03771567922446681,0.5312991139472316,0.552943343666594,0.011844931451999982,0.0,1.0
0.40245090335465417,0.8069302178456443,0.6079126942230886,0.9947460335977314,1.0,1.0
0.3501218283936614,0.6184078695889937,0.7938986648082591,0.671952230537313,0.0,1.0
0.3696597708402435,0.2662274391778724,0.8307047973396364,0.4546904416500851,1.0,1.0
0.7277324742199869,0.5617816691562855,0.9872119964200743,0.5510762680758832,1.0,1.0
0.47041974749036486,0.49329498166623736,0.5288810708015045,0.8870221335612751,1.0,1.0
0.9155682122531238,0.5727701850965761,0.7739324076089107,0.0005907098969971534,0.0,1.0
0.543729866780741,0.634940682731192,0.7931129601936548,0.2032700359101083,1.0,1.0
0.15541693984566352,0.672307053008234,0.5038814111404748,0.10991465548746,0.0,1.0
0.19023135776550593,0.6360107580198067,0.661487926526745,0.11475512730143281,0.0,1.0
0.4460196236527846,0.4408416089676579,0.1788750294058114,0.11845184409647536,0.0,1.0
0.4777284704280318,0.48587422596443663,0.6774053335277389,0.5528784861257559,0.0,1.0
0.2246363580038487,0.4939907864494149,0.5022400278542901,0.0,1.0,1.0
0.6248916937109197,0.5078974431447778,0.7551759509284756,0.0022718297295624204,0.0,1.0
0.7314354847601244,0.3921269881526613,0.8546089786616886,0.43618006430639567,1.0,1.0
0.022929166867011574,0.6103832066854207,0.794864853756384,0.3386467646232496,0.0,1.0
0.6328723669994769,0.4508711113258679,0.7608344461252199,0.0008960096094293838,1.0,1.0
0.338348830499364,0.6991868098589736,0.7292288928099613,0.0,1.0,1.0
0.3044985110114108,0.6446822093683304,0.5860236592078055,0.7725146702051989,1.0,1.0
-0.0014189031937805185,0.3304456587342304,0.8767803874110275,0.0,1.0,1.0
0.3789705454500119,0.6235538539655292,0.7448837635673446,0.6546061399060161,0.0,1.0
0.3240798355489293,0.7073059692746184,0.6920766327224482,0.0,0.0,1.0
0.07112344702605873,0.42945364940545305,0.8671478039647543,0.035717800957554044,1.0,1.0
0.7749124455613744,0.7141428490567975,0.755492351238958,1.0,1.0,1.0
0.7096445390715304,0.6186002757873805,0.7433119601701363,0.20410948190745354,1.0,1.0
0.36005659771842485,0.4807997924967151,0.675638605885175,0.5624738451870237,0.0,1.0
0.2545110718181475,0.7634190373827675,0.8861099824002534,0.33301634744512537,1.0,1.0
0.0234374524523433,0.4044326375136193,0.6987074946733435,0.6656887996691253,0.0,1.0
0.4686441681368908,0.5721670485465367,0.3655871886121407,0.11288687652499974,1.0,1.0
0.356801569473653,0.7106485723224736,0.6397035512172949,0.33744995179760573,0.0,1.0
0.8429011825576465,0.676487465427112,0.5978689018566031,0.990763340871206,0.0,1.0
-0.017274463282136304,0.46603286345173983,0.49041326268443236,0.5551210494718173,1.0,1.0
0.8108218897090569,0.6691308016387764,0.4032781357470455,0.23085403906269936,1.0,1.0
0.6647801873981137,0.5907128978704811,0.516154939375154,0.09578223671775761,1.0,1.0
0.3130439580454829,0.7237334849896128,0.7328169165614488,0.11252532468281237,1.0,1.0
0.4116971901034564,0.3044974811714115,0.3613668213472174,0.235210356682335,1.0,1.0
0.37010122083434804,0.4595996612367798,0.9990073025006252,0.11990547021158944,0.0,1.0
0.1956325446266028,0.5715756158621047,0.9172417186819436,1.0,0.0,1.0
0.5145660607862239,0.48901010532987044,0.7537219355790431,0.7742330584223449,1.0,1.0
0.03513535645264866,0.2211992901200726,0.1908113111457171,0.45060412419323476,1.0,1.0
0.8463906838147301,0.43244014679792364,0.6944876841729399,0.6710142165983468,0.0,1.0
0.8260557021474154,0.6535517333309833,0.5111395341207965,0.5536613753334662,0.0,1.0
0.9630788566297228,0.7022404471719434,0.7868448279065752,0.0,0.0,1.0
0.80385205397204,0.6181431331060181,0.7230498238749498,0.12067656966928021,0.0,1.0
0.1205714819927747,0.4772119387351324,0.21309085095185482,0.8846637806507274,1.0,1.0
0.690288855970192,0.6710352127382058,0.6379645484040246,0.3203260953245897,1.0,1.0
0.8748041533231586,0.4855291279344912,0.48743837735782,0.549021050377628,0.0,1.0
0.028665186926495403,0.4981159558601547,0.5121889893668916,0.5540424647470064,1.0,1.0
0.5557690448378814,0.5895381168376737,0.83191733402857,0.6654367424684956,0.0,1.0
0.4382461476800253,0.519589126372978,0.5374551854375147,1.0,0.0,1.0
0.8042698890175091,0.5254406334350535,0.5663377501137284,0.0,1.0,1.0
0.6196615532487173,0.6995246756205956,0.5165632652127586,0.0,0.0,1.0
0.6532119117552558,0.6224719696068692,0.5209248880373148,0.10280162765316796,1.0,1.0
0.4416349985243281,0.6108771431308261,0.9232861373402284,0.6668618593894929,1.0,1.0
0.22652219212187033,0.4895482648859995,0.5041794772948521,0.5455709485846034,0.0,1.0
0.13053945928172545,0.5763555044515378,0.6882891456307204,0.5610840845853243,1.0,1.0
0.6499064259632447,0.6347272179447314,0.7275502392093384,0.5467687218588041,0.0,1.0
0.6150986957462002,0.5896637151618936,0.631806893662643,0.9026377410819042,0.0,1.0
0.6215733432108688,0.6006707900319771,0.7781986100987481,0.0,1.0,1.0
0.3480006440511546,0.33997391765730595,0.9099548597517734,1.0,0.0,1.0
0.9677390536228866,0.35710376680793193,0.6010119464559716,0.6612197372927954,0.0,1.0
0.7575583230994223,0.6395043173389002,0.8315505468129073,0.11850214646350606,0.0,1.0
0.42598849860927546,0.4508108203536742,0.9165793418515802,0.0027953036277559933,1.0,1.0
0.1876949828879593,0.41111219346275024,0.5694532023167811,0.5570696054637031,0.0,1.0
0.6267468336128401,0.4919485359574221,0.5711974806590719,0.898888947016624,0.0,1.0
0.2874951014883624,0.48271003000034135,0.6818456657695443,0.7840541956294624,1.0,1.0
0.31064455712968886,0.6203790921484083,0.6980160210889904,0.5465018897544937,0.0,1.0
1.0186289499279764,0.5363970710689951,0.8724600680797604,0.5502467246824655,0.0,1.0
0.294962961544704,0.48707197336732966,1.0,0.5580867789599864,0.0,1.0
0.6450933866327678,0.4612768627381093,0.4974186839466116,0.3372949167884985,0.0,1.0
0.6468968087370395,0.656491901155808,0.7705495381309371,0.4402561299655085,1.0,1.0
0.6902330824317859,0.48504996531105543,0.4565709787433826,0.5468917108893283,0.0,1.0
0.3231490866401375,0.5116444512958958,0.16743929253068773,0.3442609796230103,1.0,1.0
0.6007884372435027,0.7044389880752322,0.08870063543822317,0.21506484718480423,0.0,1.0
0.6059990355454373,0.7391639387641092,0.5072790775307195,0.4489376436820093,1.0,1.0
0.5295395945749373,0.42917664895839913,0.9420232205613379,0.43222266904303885,1.0,1.0
0.3974566807901599,0.6039705368656527,0.9326125879249698,1.0,1.0,1.0
0.9011137920011544,0.6819204488117105,0.5232397312988102,0.004978423429130712,1.0,1.0
0.5502516350906209,0.492975745639573,0.5792243234577023,0.559174374984343,1.0,1.0
0.9518231759818153,0.3733737242738691,0.8332636847839595,0.007543891506266981,1.0,1.0
0.6305960994142997,0.49883074482409684,1.0,0.33782374974222606,1.0,1.0
0.6606983662446031,0.4862204090840892,0.8693804952960315,0.22005880522365165,0.0,1.0
-0.06529667846469007,0.5031040795816539,0.1751648741019673,0.34445934398523176,1.0,1.0
0.6307957823587451,0.6553227046647692,0.7472984605041695,0.3411972599478267,0.0,1.0
0.664485498303553,0.4864098595167363,0.5044011659086355,0.4330708253459808,1.0,1.0
0.5496880035927466,0.48377278135453117,0.7396992673230043,0.0,1.0,1.0
0.0008999634770127385,0.4287601573751977,0.3164409487823265,0.6702601680455018,1.0,1.0
0.5242476204551141,0.6414153648347937,0.725897759453062,0.0998733451842184,0.0,1.0
0.2480506540906865,0.5416043803836835,0.6538389940321769,0.4474446420241509,0.0,1.0
0.5320921735628379,0.6856288675518513,0.9884705305388763,0.796039328437486,1.0,1.0
0.20021132548749976,0.5756037844159482,0.7056561787698588,0.09581573809917975,1.0,1.0
0.34909705535078817,0.415847028696798,0.8505748465216472,0.5532859627274892,0.0,1.0
0.22228996799651649,0.46887810917947603,0.5323308448019982,0.33290263753202387,0.0,1.0
0.3507546681985265,0.49892437903293674,0.4791385734129898,0.9914026670042136,1.0,1.0
0.8993966100203553,0.616051940355562,0.8376148796021445,0.552537461720887,0.0,1.0
0.2706747097450606,0.41930286066805184,0.49837025771126137,0.4529253167703609,1.0,1.0
0.1291535637220495,0.3622226365428696,0.6906165071206158,0.5513326134176663,0.0,1.0
0.39143037470643793,0.7223088981572409,0.3568140358198504,0.6738224218894714,1.0,1.0
0.5709222878713404,0.5527471976667232,0.5131771272712918,0.551876254355991,0.0,1.0
0.19360882767793705,0.32715803047962083,0.9619550787083855,0.010879282985820443,1.0,1.0
0.516326609828194,0.4101398696945259,0.5913521268093366,0.6567981333905564,0.0,1.0
0.25994641081653974,0.5406707170721395,0.7812245330608892,0.9927444856673862,0.0,1.0
0.37270668021576114,0.5938645248021683,1.0,0.34552496402795824,1.0,1.0
0.08211379409609543,0.2630130060045096,0.6199355430640634,0.8917630583943418,1.0,1.0
0.6021467250700344,0.5900629494414805,0.5538314165727403,1.0,1.0,1.0
0.3566949542030863,0.49060050897775814,0.5333841615460665,0.5520815622777914,0.0,1.0
0.14248682619614234,0.5138162524111014,0.9817576388351498,0.9942060378341919,0.0,1.0
0.774478093361734,0.5181501982155193,0.8807520056358219,0.2172385270536798,0.0,1.0
1.0404450203804363,0.5178149945299233,0.9676026793508506,1.0,0.0,1.0
0.14316462359825854,0.5521225273673783,0.297883556086138,0.44434225142987843,1.0,1.0
0.7095710392700595,0.22388386598517163,0.4525952321180976,0.004247608540649821,0.0,1.0
0.2871323698239839,0.6859268050846521,0.3963874268044227,0.5512469709818254,1.0,1.0
0.6859851446316637,0.83780060059327,0.9216358443809158,0.4412268560466053,0.0,1.0
0.21387867631402918,0.38772137823264136,0.5986128049206317,0.6719021895572911,1.0,1.0
0.020226108716688736,0.6447660441112288,0.49173479462986597,0.5463822567805866,0.0,1.0
0.6837526783673367,0.6647275142687643,0.7944878270881268,0.6664407997667035,0.0,1.0
0.21558800114949356,0.49718623043864735,0.509259625602868,0.7760057381306577,1.0,1.0
0.5778122551767384,0.7379758612472112,0.7491185387455306,0.0,1.0,1.0
0.3352248904249157,0.7091503478652619,0.5967685787587377,0.3463664758890039,1.0,1.0
0.06653112235694006,0.421713870946266,0.7816908799714422,0.7809151196880486,1.0,1.0
0.5541923400588947,0.5089276990945529,0.8848764500415878,0.45253119351680426,1.0,1.0
0.1215925869789315,0.4255807920944752,0.8431303846680946,1.0,0.0,1.0
0.05229997769419757,0.48720539432115023,0.5186605616917116,0.5549721066539994,1.0,1.0
0.5769887215180092,0.48910773224245896,0.5643082365049428,0.6590764254483746,0.0,1.0
0.40811259519512577,0.5671765643884727,0.1492233741760156,0.3304939326984686,0.0,1.0
0.942514104775163,0.5998785127081865,0.9335619811080583,0.44340130540366524,0.0,1.0
0.7638308149660868,0.4776117444244897,0.5132755891031514,0.5573336935507842,0.0,1.0
0.06330392131103828,0.6139891549156379,0.7371000521281597,1.0,1.0,1.0
0.9090454969860727,0.546008585937516,0.646806307777179,0.22302445879196403,0.0,1.0
0.07828651824485039,0.4816019123281962,0.5060363031830073,0.5648949429574687,0.0,1.0
0.09806748512005974,0.4548313060179613,0.29702955011450793,0.6758280310025535,1.0,1.0
0.541765467285594,0.5214647550734741,0.4933417803401692,1.0,0.0,1.0
0.25297628452449716,0.49255841466834743,0.5958992300305179,0.5536155961283711,0.0,1.0
0.6948251038238599,0.6080835092403987,0.8479301564695979,0.44546076474822816,0.0,1.0
0.40189094070099307,0.6804160330079128,0.9595600741661288,0.4336591287464607,0.0,1.0
0.5043326611828916,0.7296835825435791,0.7607676740065539,0.22766316133390008,0.0,1.0
0.27858002706311674,0.4547904254619082,0.8866044928467842,0.3364560804093169,1.0,1.0
0.8808685257152238,0.3668202459008469,0.860795770905404,0.23117079015855926,1.0,1.0
0.9777004766432009,0.6129869543624363,0.788448477701132,0.8991174543803594,1.0,1.0
0.9550746586094909,0.4475813040575309,0.5218892520901358,0.007761249411887918,1.0,1.0
0.09740696280338673,0.6741962394003937,0.8177295233998884,0.10799041453885615,1.0,1.0
0.20809044495935547,0.5648555251997426,0.7854780788951229,0.7698342446967337,0.0,1.0
0.6007280032250321,0.5009632651320889,0.519377577972573,0.5514330236405446,0.0,1.0
0.3538931795709772,0.4941067884661177,0.5062155920821586,0.5475677437501552,0.0,1.0
0.8065483858550784,0.36334535388246947,0.32273341485830515,0.7811101349901286,1.0,1.0
0.5930470356769922,0.4963330940687651,0.58578747768585,0.5544948551236379,0.0,1.0
0.15186984732864509,0.6189439787571613,0.6941207694798414,0.44464374950326097,1.0,1.0
0.48552433364392106,0.3639443511498729,0.9436325521089403,0.5554842734490197,1.0,1.0
0.7666756223796699,0.19818495487962023,0.2801471511230369,0.23435470686834736,1.0,1.0
0.46038879746938943,0.6339213952503939,0.9731589419806688,0.21383067147226653,0.0,1.0
0.8281199621233225,0.5223675426877871,0.7874468848281992,0.7736187248305967,1.0,1.0
0.7189106687231367,0.48899185481739305,0.5159658311526628,0.10493915432295466,1.0,1.0
0.21864668148291952,0.4135752199913484,0.671198701896486,0.0,1.0,1.0
0.32776328522304593,0.3756372050093489,0.5048056826434422,0.0035553877467335176,1.0,1.0
0.3692040438946661,0.4866080246250866,0.5136266085923703,0.6646383731978605,1.0,1.0
0.42205396758622254,0.41770928095360393,0.6114192946131816,0.12068025265009058,0.0,1.0
0.38455668221544004,0.6067881406742263,0.848963336496352,0.3251188401935721,0.0,1.0
0.6361654578282893,0.5093944480131685,0.821087118601957,0.09317615033370835,1.0,1.0
0.05502206090195913,0.6775724001316791,0.6435982847686211,0.8923975656475068,1.0,1.0
0.1788546946685399,0.6158523289240971,0.7935406854205758,0.6757169195184638,1.0,1.0
-0.035498685648858844,0.56372255451188,0.7408036489839971,0.6661644135103012,0.0,1.0
0.15903793708409458,0.5170617519688018,0.7406192904802895,0.0,0.0,1.0
0.027493279083478574,0.4949834475783342,0.7255162989477821,0.6589642706309292,0.0,1.0
0.7977881682360108,0.530792599988619,0.872388563287611,0.9075186833086673,0.0,1.0
0.7656793425741194,0.5650736624492696,0.7667798722506486,0.10558610904268088,0.0,1.0
0.29603399232528116,0.501564682463917,0.5221855286392623,0.5548924046781475,0.0,1.0
0.15331794865351325,0.4819130403449276,0.5098512221688025,0.5490371060483445,1.0,1.0
0.22898061902709546,0.4970889927258059,0.6799352218192218,0.5506166602268014,0.0,1.0
0.7972450202799972,0.36297827181858494,0.9560556657186522,0.5550455768821922,0.0,1.0
0.905767029825241,0.5954602172623997,0.7371449280859084,0.0,0.0,1.0
0.4271415416590755,0.5538825399966011,0.5337393192288581,0.3196388607277564,1.0,1.0
0.9145733626580512,0.55269402954092,0.7865785773572731,0.8758283967332929,1.0,1.0
0.45837892810645253,0.6644532614638371,0.12240740810909596,0.21353296517502846,1.0,1.0
0.23239252938885002,0.631857022807263,0.5078654036308715,0.0,1.0,1.0
0.829257122027688,0.48223369027380003,0.5167160533123736,0.5565673617154001,0.0,1.0
0.7234224107748768,0.48945910500374984,0.8807029970157755,0.5521388798071111,0.0,1.0
0.5240429027351007,0.545496873473194,0.39000657092731983,0.10771998061793701,0.0,1.0
0.4163190122849455,0.42393424148917175,0.6757765917583749,0.9770372451524418,1.0,1.0
0.9194215948924868,0.48676870298533753,0.5059109045374368,0.555513009226604,1.0,1.0
0.7199830079970194,0.5817035441894174,0.7301888168931473,0.3238544461422495,0.0,1.0
0.6973851270287063,0.49804455778551093,0.5223495141626188,0.11480592016820637,1.0,1.0
0.8810645708122826,0.49744915345498,0.5041220058240157,0.5477777838011939,0.0,1.0
0.9030601704048555,0.683657611639785,0.43756566690396625,1.0,1.0,1.0
0.1812423414268216,0.32593349556783563,0.7966547767631593,0.6764394428999811,1.0,1.0
0.38184591680325275,0.7275742028661678,0.10817427515312122,0.3357990873338873,0.0,1.0
0.2903092692997089,0.5709289988148476,0.7705658503786953,0.030476251996676664,1.0,1.0
0.002697024927030056,0.6543085980806805,0.7872508336887695,0.01668855903876354,1.0,1.0
0.42064441002983743,0.6090541515747987,0.5490270824356189,0.78621148164748,0.0,1.0
0.3574521729267529,0.6070326821821374,0.30802406592221115,0.8978334678730544,0.0,1.0
0.4375949479635649,0.42478914892742614,0.904820199099375,0.33798781446058346,1.0,1.0
0.5677974684559848,0.6627259418215403,0.4937734311467969,0.6633672576535541,1.0,1.0
0.4925832782035387,0.48331132105465846,0.6201416053723329,0.005116580848546474,0.0,1.0
0.6182639603693812,0.6668913055119102,0.6571885167509383,0.12099919201588596,0.0,1.0
0.9932149745704161,0.6568279881137599,0.6182950513459416,0.43102793344932167,1.0,1.0
0.7412022765570829,0.4857962734818576,0.4831066782303484,0.5498384155689883,1.0,1.0
0.8582384452874653,0.40134490447783555,0.844493759083805,0.1124332890664034,0.0,1.0
0.2513878996738224,0.4360612760060239,0.7226415825380784,0.44998337647575076,0.0,1.0
0.42431013229751874,0.6065689522116069,0.8197175950115725,0.3313072374805737,1.0,1.0
0.6103349064450725,0.48904853134723114,0.8710500148678565,0.6662192489021492,0.0,1.0
0.0677231297284851,0.7602287421418367,0.8929268521288063,0.6535630995280527,1.0,1.0
0.35426446448331095,0.2765232342264099,0.40133614582775784,0.22051905431929295,1.0,1.0
0.5503744989029844,0.5063889762676985,0.28026204126740245,0.022253798690830683,1.0,1.0
0.5468758305449888,0.7574101348122299,0.8427318506050161,0.6669293757234557,0.0,1.0
0.3445946157767736,0.5397072255287751,0.5414108056996099,0.0,1.0,1.0
0.48372439375400467,0.6494398318198598,0.30234066378624885,0.3297694885559374,0.0,1.0
0.128266256427292,0.6067012039792761,0.7558702130175362,0.2314360732890858,0.0,1.0
0.14891303959526245,0.6475734285060657,0.8661446301691136,0.5449572592100091,0.0,1.0
0.7178790925575592,0.6038490583654912,0.603915050940718,0.8841586187874616,1.0,1.0
0.6157315106842552,0.5989454753916709,0.9179480137273879,0.9960258213893917,0.0,1.0
0.2668298449240898,0.6966843899930747,0.7198925249489834,0.5533623743820301,0.0,1.0
0.28339973155354575,0.4795093498181535,0.6727895894235718,0.5502207621829578,0.0,1.0
0.23560077023096915,0.6605165638554832,0.522102079082091,0.5504302214874591,0.0,1.0
0.05633536554638943,0.6430717094828367,0.7958477351433695,0.09546927696710159,0.0,1.0
0.12584339657933752,0.3610808552890623,0.7833024786455506,0.2232645892680969,0.0,1.0
0.7439525417684077,0.5941375649288204,0.8197212942217071,0.4473268433799032,0.0,1.0
0.5950683543415805,0.8318221129380736,0.8071955435706326,0.11333005262858453,1.0,1.0
0.08436334531127075,0.42915875587280305,0.8193740096053013,0.22439980933725656,0.0,1.0
0.7113347357048546,0.5963952102566756,0.8651962531952057,1.0,1.0,1.0
0.15895888463470348,0.5721989130994295,0.8106955335127992,0.6603804040743172,1.0,1.0
0.23315357857987348,0.49194992430381823,0.5040490943848909,0.5541233852136251,0.0,1.0
0.8482192877372338,0.7447139019069912,0.7596161526201893,0.21967606976647938,0.0,1.0
0.28474550648618846,0.49604451704272234,0.49984968902900123,0.3341756225118893,1.0,1.0
0.9766475813173817,0.4750458493766768,0.5906681318079513,0.6694261970231329,1.0,1.0
0.6039285397781143,0.4776881187616547,0.6413535262417334,0.11635711489866893,0.0,1.0
0.22898245801762573,0.48413357041380906,0.5954318318513154,0.6717278377428044,1.0,1.0
0.8559548743259076,0.48990936635610816,0.7801641156864216,0.5518326711368406,0.0,1.0
0.015791272142004716,0.46865991506764365,0.7581633247291388,0.24388464070875585,1.0,1.0
0.20654984654142852,0.5038473331658558,0.4805849830048397,0.5527760272371706,0.0,1.0
-0.05019346885426944,0.5985324704270815,0.12888908763470114,0.11926774336062969,1.0,1.0
0.717676219852374,0.6053123415523824,0.1067932669558886,0.7735075812296768,0.0,1.0
0.28601129270697934,0.5780531627373242,0.128074628401882,0.5596182762608717,1.0,1.0
0.6042570048378824,0.7490507485822082,0.9088636111483989,0.6606623094206407,1.0,1.0
-0.0025994303933831175,0.4770593280794337,0.5304802527176938,0.549801378245204,0.0,1.0
0.2971843306954667,0.7715955362598852,0.7130980895214506,0.449655278923387,1.0,1.0
0.0630506061149128,0.47769825803666993,0.21058146171137823,0.4461931146244345,0.0,1.0
0.17013604682711364,0.30189411561599067,0.36188909687656845,0.6822229461017932,1.0,1.0
0.27858567177030413,0.6322513327849019,0.8144090233106683,0.33746634437913337,0.0,1.0
0.011838091338604445,0.4239396108246336,0.8405056659292335,0.66906655854414,1.0,1.0
0.5757748100577742,0.5699974670583738,0.6923372692724193,1.0,1.0,1.0
0.9481014874120737,0.19116967456599304,0.49584508377504155,0.1037033389758898,1.0,1.0
0.7396034415781609,0.6553541031632619,0.3756773414667444,0.3468641188789824,1.0,1.0
0.0616196865546621,0.6282032383566754,0.8778551064979656,1.0,1.0,1.0
0.6588969715022306,0.4187702370886437,0.7319907326646806,0.6581148853337562,0.0,1.0
0.5337739886079279,0.48426490352556906,0.5095118276610915,0.5540041908476261,0.0,1.0
0.046409166355567105,0.4237468184662492,0.889232238495839,0.4383811401383068,0.0,1.0
0.9499244764053085,0.519978476130899,0.4939601665724727,1.0,0.0,1.0
0.5952126081926921,0.6104307747534302,0.846158925202924,0.9880231780391697,1.0,1.0
0.5222569000535484,0.4955492117600405,0.7937289062498186,0.8995182910650266,0.0,1.0
0.07769474796836356,0.528342393777177,0.6419805552222526,0.3400281756076987,0.0,1.0
0.00041529225484084054,0.5693479999523552,0.7368743762607884,0.6576754372904123,0.0,1.0
0.6017187356740666,0.5912328375700835,0.5668747429843365,0.9889827933011949,0.0,1.0
0.6025333105396244,0.42834399144216573,0.7398423613762827,0.5566679720906016,1.0,1.0
-0.01370900740671975,0.4814859970884322,0.8321765299631754,0.6717511026053509,0.0,1.0
0.7157895434755954,0.35573252863127686,0.8769912540773341,1.0,0.0,1.0
0.7899478483580613,0.6453100247844085,0.7306370667515243,0.8974088889696222,1.0,1.0
1.03589935258632,0.5603460133437147,0.9009936121492639,0.4475604658101122,0.0,1.0
0.07455923408876597,0.46474051255060295,0.809528690394251,0.7774867317823638,0.0,1.0
0.0823383235401493,0.5646987209202362,0.4298794148894766,0.549956965485147,0.0,1.0
0.6971775849821099,0.6360162577644044,0.9738721294410645,0.7740539258113952,0.0,1.0
0.31016807298251914,0.7276379143574964,0.2923196424234922,0.5563986721183077,0.0,1.0
0.2741854556579778,0.4355985417640255,0.8294611280947207,0.9998210225285123,1.0,1.0
0.46071330324194376,0.3475920798686364,0.5652569422740008,0.0,1.0,1.0
0.8031024237358781,0.5773427044760562,0.7947869528118836,0.9827158096883382,0.0,1.0
0.3514223884477258,0.7192674739480491,0.755768149569281,0.5526153065473413,1.0,1.0
0.7400957907642238,0.49899827102563094,0.8041429210800035,0.3240073760802082,1.0,1.0
0.2211554422967395,0.4487335723646624,0.5860128908511681,0.5542903478111298,1.0,1.0
0.372560282555328,0.49924453623869625,0.6844179307265541,0.43648842419174005,0.0,1.0
0.5830952251030691,0.5035343724408599,0.8497035676261958,0.7812209583940343,1.0,1.0
0.4188095502220677,0.678619668640404,0.8590322589853261,1.0,0.0,1.0
0.37773050946190306,0.6061093637270791,0.7438448401621762,0.32694770811485263,0.0,1.0
0.6065304398919377,0.5288052305313902,0.529428973892049,0.33992806919979196,0.0,1.0
0.43100493903687476,0.43800213874256044,0.3081879062218411,0.33915689611009486,1.0,1.0
0.9385424111892082,0.4876595388811295,0.9413672342993606,0.5529184135678052,0.0,1.0
0.416145898339861,0.677962321519508,0.7770276443876056,0.20996757775601696,0.0,1.0
0.2448211499409318,0.585895766168265,0.636760282286797,0.0015004997775178047,0.0,1.0
0.5124058144965956,0.46999229063862064,0.6916061036559075,0.011345436400833743,0.0,1.0
0.4788826864265001,0.2852895272202086,0.6935158554935948,0.6723527681956005,0.0,1.0
0.4276811757171519,0.5241335435356366,0.9255568922549338,0.23589524508451112,1.0,1.0
0.12773004854430153,0.48616849974405557,0.774260656238593,0.6683994204274514,0.0,1.0
0.7289355415777642,0.7210508780348154,0.249800292022776,0.5506966727943547,0.0,1.0
0.8679216771297478,0.4912816618883285,0.7275619600213852,0.5445062885940694,0.0,1.0
0.7436949820348842,0.3753636779297439,0.770442712142832,1.0,1.0,1.0
0.05283638863236012,0.6146540394256957,0.6883203619485674,0.6733444626272356,1.0,1.0
0.09287420390445683,0.5526921929271545,0.9690742691053473,0.44587098470387415,1.0,1.0
0.9430481202808298,0.23433834699423323,0.7930101943261254,0.9950785527715319,1.0,1.0
0.12775441895417725,0.46315213381793247,0.3808885759677697,0.5564207322571164,1.0,1.0
0.12443156417785915,0.48344152178604083,0.6365379835562262,0.653532752664537,0.0,1.0
0.6943510876239529,0.3980081853836001,0.9988061018891264,0.6690601040784385,0.0,1.0
0.189843218296349,0.489309211275884,0.5139914094472169,0.547674230475642,0.0,1.0
0.295385090011941,0.6075723627259776,0.5720634781367134,1.0,0.0,1.0
0.627276887528321,0.5536767924750927,0.9757643822021839,0.22756118806691122,1.0,1.0
0.9382211470615931,0.419679594943605,0.6499395782131697,0.2299059408336801,1.0,1.0
0.2498112401131663,0.685885290722909,0.47701411704735613,0.21685277811173742,0.0,1.0
0.3204901410675192,0.3565912960643466,0.5808616804222013,0.9972538040460923,1.0,1.0
0.2200092396576888,0.6169054796996137,0.8776673541332433,0.009024956416618397,1.0,1.0
0.04179539394940948,0.4403525478636874,0.836378166728268,0.0,1.0,1.0
0.19245950878947535,0.3298518665878899,0.5511383810037257,1.0,0.0,1.0
0.833127284352692,0.5952144996118109,0.18454408877357226,0.6602084696459442,0.0,1.0
0.5649820337244058,0.3352602892501243,0.7680906842754222,0.0030422766274335023,0.0,1.0
0.8850737245731556,0.5670898922544426,0.03521968566039213,0.0013834936003503467,1.0,1.0
0.7231368823464533,0.1445722264518995,0.824945386580857,0.4390685048319198,0.0,1.0
0.16451858995370136,0.5118675457782709,0.7197345288001901,0.2308205072998543,0.0,1.0
0.7132778648344309,0.53638489635651,0.8879427172068974,0.11024123233262718,0.0,1.0
0.218768245861249,0.4856915828422944,0.5159417736743176,0.5560753714048479,0.0,1.0
0.7191946727588282,0.303545345801323,0.14184472236649953,0.5594609650693458,0.0,1.0
0.15855105867809893,0.4073441465436574,0.17408843034612978,0.5560774926130718,1.0,1.0
0.40598703595686203,0.5254503475460172,0.7159762767734258,0.0,0.0,1.0
0.5850188558438009,0.6404291115655334,0.8826820664950352,0.6670742874341027,1.0,1.0
0.1931940938467273,0.647783734186139,0.6375339208460685,0.5567411856767802,1.0,1.0
0.08892378517267091,0.39056736430930805,0.7294449787407133,0.9780854560236963,0.0,1.0
0.9011069342776906,0.5425411990390338,0.8771997545221966,0.996630996207772,0.0,1.0
0.5461267054110188,0.2846967021759386,0.9953144398320227,1.0,0.0,1.0
0.3428104443029756,0.48951941592260584,0.7387002148643271,0.5476068459956726,1.0,1.0
0.26090764217792173,0.5179345942886503,0.7997041592311186,0.11737697740107603,1.0,1.0
0.46160318152806734,0.25324181371025345,0.48472476687443544,0.5525634691276672,0.0,1.0
0.5309294436050103,0.4857463674862555,0.5129663264982037,0.5576226505132076,0.0,1.0
0.03506486147238935,0.34604544100970286,0.6120112661770358,1.0,0.0,1.0
0.9098475231069225,0.5000629366369527,0.7649794410450236,0.4508601365375737,0.0,1.0
0.2816881960004817,0.4831489133513504,0.8310639498034501,0.5522585841043333,0.0,1.0
0.9634157980899668,0.5373535366116848,0.87015998527386,0.789478318495625,1.0,1.0
0.944918523777322,0.4904212595335987,0.8439882534621365,0.009689748317771472,1.0,1.0
0.5894002142687734,0.4837426629729583,0.7183551208494047,0.5456802516666364,0.0,1.0
0.206830518919533,0.44607661434195267,0.8814342289960012,0.5529277737877141,0.0,1.0
0.39751132946320683,0.48191078656633507,0.5925889456015945,1.0,1.0,1.0
0.6895016580749052,0.40995238444799964,0.3758556748419958,0.0,0.0,1.0
0.13404933114451373,0.5891213595897613,0.49733195402435665,0.7866117256171672,1.0,1.0
0.3311383279816479,0.6545557079966174,0.8166393326399828,0.002232022843517508,0.0,1.0
0.17925276824279995,0.4903675528009808,0.5552200137076163,0.5527709844146306,0.0,1.0
0.8124012360732363,0.6388402324899882,0.6016314183877185,0.3352269014841504,0.0,1.0
0.6490789629929079,0.3231298336244649,0.5071030141277296,0.8970694610473013,1.0,1.0
