{
  "model_id": "998aac67-e5ae-47a5-87ce-401d57002e30",
  "model_name": "random_forest",
  "task_type": "regression",
  "model_variant": "RandomForestRegressor",
  "features": [
    "Nitrogen",
    "Rainfall",
    "pH_Value",
    "Temperature",
    "Humidity",
    "Phosphorus"
  ],
  "target": "Crop_encoded",
  "hyperparams": {},
  "original_hyperparams": {
    "task_type": "regression",
    "model_variant": "RandomForestRegressor"
  },
  "metrics": {
    "r2_score": 0.8915759730520225,
    "mean_squared_error": 4.306243696597635,
    "root_mean_squared_error": 2.0751490781622497,
    "mean_absolute_error": 0.87176776805933,
    "mean_absolute_percentage_error": 18.753331591668744,
    "residuals": {
      "mean": 0.1160258394780214,
      "std": 2.0719029178924036,
      "min": -8.280000000000001,
      "max": 12.701348494219879
    },
    "model_type": "random_forest",
    "problem_type": "regression",
    "task_type": "regression",
    "model_variant": "RandomForestRegressor",
    "model_class": "RandomForestRegressor",
    "hyperparameters": {
      "n_estimators": 100,
      "max_depth": null,
      "min_samples_split": 2,
      "min_samples_leaf": 1,
      "max_features": null,
      "bootstrap": true,
      "random_state": 42,
      "n_jobs": -1
    },
    "feature_count": 6,
    "training_samples": 1760,
    "test_samples": 441,
    "n_estimators_used": 100,
    "feature_importance": {
      "Phosphorus": 0.3014581111238191,
      "Humidity": 0.2901987736715675,
      "Rainfall": 0.20787840659961712,
      "Nitrogen": 0.1226993613448698,
      "pH_Value": 0.04618491882365436,
      "Temperature": 0.031580428436472144
    },
    "tree_statistics": {
      "avg_tree_depth": 15.16,
      "max_tree_depth": 19,
      "min_tree_depth": 12
    },
    "oob_score": 0.8805581406486632,
    "performance_summary": {
      "model_type": "regression",
      "overall_performance": "Good",
      "key_metrics": {
        "r2_score": "0.892",
        "rmse": "2.075"
      }
    },
    "preprocessing": {
      "feature_encoders": true,
      "target_encoder": false,
      "scaled_features": false
    }
  },
  "created_at": "2025-08-21T14:15:16.195220",
  "csv_url": null,
  "r2_model_path": "models/68a6a498ca5562bbe8f28609/transformed_Crop_Yield_Prediction_1755752473397_1755752519171_normalized_for_feature_importance_feature_analysis_ready/998aac67-e5ae-47a5-87ce-401d57002e30.pkl",
  "r2_metadata_path": "models/68a6a498ca5562bbe8f28609/transformed_Crop_Yield_Prediction_1755752473397_1755752519171_normalized_for_feature_importance_feature_analysis_ready/998aac67-e5ae-47a5-87ce-401d57002e30_metadata.json",
  "user_id": "68a6a498ca5562bbe8f28609",
  "dataset_name": "transformed_Crop_Yield_Prediction_1755752473397_1755752519171_normalized_for_feature_importance_feature_analysis_ready",
  "saved_to_cloud": true,
  "cloud_uploaded_at": "2025-08-21T14:15:19.879283"
}